﻿<?xml version="1.0" encoding="UTF-8"?>
<root>
  <slide transition="" id="1" frame="0" swidth="720" sheight="540" title="Slide 1" totalframes="481" path="slide1.swf" name="slide1.swf" />
  <slide transition="" id="2" frame="0" swidth="720" sheight="540" title="Slide 2" totalframes="581" path="slide2.swf" name="slide2.swf" />
  <slide transition="" id="3" frame="0" swidth="720" sheight="540" title="Slide 3" totalframes="596" path="slide3.swf" name="slide3.swf" />
  <slide transition="" id="4" frame="0" swidth="720" sheight="540" title="Slide 4" totalframes="600" path="slide4.swf" name="slide4.swf" />
  <slide transition="" id="5" frame="0" swidth="720" sheight="540" title="Slide 5" totalframes="1070" path="slide5.swf" name="slide5.swf" />
  <slide transition="" id="6" frame="0" swidth="720" sheight="540" title="Slide 6" totalframes="803" path="slide6.swf" name="slide6.swf" />
  <slide transition="" id="7" frame="0" swidth="720" sheight="540" title="Slide 7" totalframes="760" path="slide7.swf" name="slide7.swf" />
  <slide transition="" id="8" frame="0" swidth="720" sheight="540" title="Slide 8" totalframes="581" path="slide8.swf" name="slide8.swf" />
  <slide transition="" id="9" frame="0" swidth="720" sheight="540" title="Slide 9" totalframes="26" path="slide9.swf" name="slide9.swf" />
  <slide transition="" id="10" frame="0" swidth="720" sheight="540" title="Slide 10" totalframes="379" path="slide10.swf" name="slide10.swf" />
  <slide transition="" id="11" frame="0" swidth="720" sheight="540" title="Slide 11" totalframes="870" path="slide11.swf" name="slide11.swf" />
  <slide transition="" id="12" frame="0" swidth="720" sheight="540" title="Slide 12" totalframes="909" path="slide12.swf" name="slide12.swf" />
  <slide transition="" id="13" frame="0" swidth="720" sheight="540" title="Slide 13" totalframes="389" path="slide13.swf" name="slide13.swf" />
  <slide transition="" id="14" frame="0" swidth="720" sheight="540" title="Slide 14" totalframes="979" path="slide14.swf" name="slide14.swf" />
  <slide transition="" id="15" frame="0" swidth="720" sheight="540" title="Slide 15" totalframes="571" path="slide15.swf" name="slide15.swf" />
  <slide transition="" id="16" frame="0" swidth="720" sheight="540" title="Slide 16" totalframes="634" path="slide16.swf" name="slide16.swf" />
  <slide transition="" id="17" frame="0" swidth="720" sheight="540" title="Slide 17" totalframes="316" path="slide17.swf" name="slide17.swf" />
  <slide id="17" animationid="1" frame="277" name="0" title="Slide 17" path="slide17.swf" />
  <slide transition="" id="18" frame="0" swidth="720" sheight="540" title="Slide 18" totalframes="489" path="slide18.swf" name="slide18.swf" />
  <slide transition="" id="19" frame="0" swidth="720" sheight="540" title="Slide 19" totalframes="678" path="slide19.swf" name="slide19.swf" />
  <slide transition="" id="20" frame="0" swidth="720" sheight="540" title="Slide 20" totalframes="558" path="slide20.swf" name="slide20.swf" />
  <slide transition="" id="21" frame="0" swidth="720" sheight="540" title="Slide 21" totalframes="698" path="slide21.swf" name="slide21.swf" />
  <slide transition="" id="22" frame="0" swidth="720" sheight="540" title="Slide 22" totalframes="1167" path="slide22.swf" name="slide22.swf" />
  <slide transition="" id="23" frame="0" swidth="720" sheight="540" title="Slide 23" totalframes="458" path="slide23.swf" name="slide23.swf" />
  <slide transition="" id="24" frame="0" swidth="720" sheight="540" title="Slide 24" totalframes="488" path="slide24.swf" name="slide24.swf" />
  <slide transition="" id="25" frame="0" swidth="720" sheight="540" title="Slide 25" totalframes="336" path="slide25.swf" name="slide25.swf" />
  <slide transition="" id="26" frame="0" swidth="720" sheight="540" title="Slide 26" totalframes="488" path="slide26.swf" name="slide26.swf" />
  <slide transition="" id="27" frame="0" swidth="720" sheight="540" title="Slide 27" totalframes="1705" path="slide27.swf" name="slide27.swf" />
  <slide transition="" id="28" frame="0" swidth="720" sheight="540" title="Slide 28" totalframes="393" path="slide28.swf" name="slide28.swf" />
  <slide transition="" id="29" frame="0" swidth="720" sheight="540" title="Slide 29" totalframes="594" path="slide29.swf" name="slide29.swf" />
  <slide transition="" id="30" frame="0" swidth="720" sheight="540" title="Slide 30" totalframes="365" path="slide30.swf" name="slide30.swf" />
  <slide transition="" id="31" frame="0" swidth="720" sheight="540" title="Slide 31" totalframes="539" path="slide31.swf" name="slide31.swf" />
  <slide transition="" id="32" frame="0" swidth="720" sheight="540" title="Slide 32" totalframes="1439" path="slide32.swf" name="slide32.swf" />
  <slide transition="" id="33" frame="0" swidth="720" sheight="540" title="Slide 33" totalframes="545" path="slide33.swf" name="slide33.swf" />
  <slide transition="" id="34" frame="0" swidth="720" sheight="540" title="Slide 34" totalframes="1136" path="slide34.swf" name="slide34.swf" />
  <slide transition="" id="35" frame="0" swidth="720" sheight="540" title="Slide 35" totalframes="267" path="slide35.swf" name="slide35.swf" />
  <slide id="35" animationid="1" frame="139" name="0" title="Slide 35" path="slide35.swf" />
  <slide transition="" id="36" frame="0" swidth="720" sheight="540" title="Slide 36" totalframes="284" path="slide36.swf" name="slide36.swf" />
  <slide transition="" id="37" frame="0" swidth="720" sheight="540" title="Slide 37" totalframes="284" path="slide37.swf" name="slide37.swf" />
  <slide transition="" id="38" frame="0" swidth="720" sheight="540" title="Slide 38" totalframes="235" path="slide38.swf" name="slide38.swf" />
  <slide transition="" id="39" frame="0" swidth="720" sheight="540" title="Slide 39" totalframes="369" path="slide39.swf" name="slide39.swf" />
  <slide transition="" id="40" frame="0" swidth="720" sheight="540" title="Slide 40" totalframes="641" path="slide40.swf" name="slide40.swf" />
  <slide transition="" id="41" frame="0" swidth="720" sheight="540" title="Slide 41" totalframes="514" path="slide41.swf" name="slide41.swf" />
  <slide transition="" id="42" frame="0" swidth="720" sheight="540" title="Slide 42" totalframes="392" path="slide42.swf" name="slide42.swf" />
  <slide transition="" id="43" frame="0" swidth="720" sheight="540" title="Slide 43" totalframes="700" path="slide43.swf" name="slide43.swf" />
  <slide transition="" id="44" frame="0" swidth="720" sheight="540" title="Slide 44" totalframes="681" path="slide44.swf" name="slide44.swf" />
  <slide transition="" id="45" frame="0" swidth="720" sheight="540" title="Slide 45" totalframes="474" path="slide45.swf" name="slide45.swf" />
  <slide transition="" id="46" frame="0" swidth="720" sheight="540" title="Slide 46" totalframes="1212" path="slide46.swf" name="slide46.swf" />
  <slide transition="" id="47" frame="0" swidth="720" sheight="540" title="Slide 47" totalframes="622" path="slide47.swf" name="slide47.swf" />
  <slide transition="" id="48" frame="0" swidth="720" sheight="540" title="Slide 48" totalframes="173" path="slide48.swf" name="slide48.swf" />
  <slide transition="" id="49" frame="0" swidth="720" sheight="540" title="Slide 49" totalframes="619" path="slide49.swf" name="slide49.swf" />
  <slide transition="" id="50" frame="0" swidth="720" sheight="540" title="Slide 50" totalframes="580" path="slide50.swf" name="slide50.swf" />
  <slide transition="" id="51" frame="0" swidth="720" sheight="540" title="Slide 51" totalframes="554" path="slide51.swf" name="slide51.swf" />
  <slide transition="" id="52" frame="0" swidth="720" sheight="540" title="Slide 52" totalframes="577" path="slide52.swf" name="slide52.swf" />
  <slide transition="" id="53" frame="0" swidth="720" sheight="540" title="Slide 53" totalframes="478" path="slide53.swf" name="slide53.swf" />
  <slide transition="" id="54" frame="0" swidth="720" sheight="540" title="Slide 54" totalframes="680" path="slide54.swf" name="slide54.swf" />
  <slide transition="" id="55" frame="0" swidth="720" sheight="540" title="Slide 55" totalframes="927" path="slide55.swf" name="slide55.swf" />
  <slide transition="" id="56" frame="0" swidth="720" sheight="540" title="Slide 56" totalframes="679" path="slide56.swf" name="slide56.swf" />
  <slide transition="" id="57" frame="0" swidth="720" sheight="540" title="Slide 57" totalframes="576" path="slide57.swf" name="slide57.swf" />
  <slide transition="" id="58" frame="0" swidth="720" sheight="540" title="Slide 58" totalframes="559" path="slide58.swf" name="slide58.swf" />
  <slide transition="" id="59" frame="0" swidth="720" sheight="540" title="Slide 59" totalframes="411" path="slide59.swf" name="slide59.swf" />
  <slide transition="" id="60" frame="0" swidth="720" sheight="540" title="Slide 60" totalframes="598" path="slide60.swf" name="slide60.swf" />
  <slide transition="" id="61" frame="0" swidth="720" sheight="540" title="Slide 61" totalframes="402" path="slide61.swf" name="slide61.swf" />
  <slide transition="" id="62" frame="0" swidth="720" sheight="540" title="Slide 62" totalframes="560" path="slide62.swf" name="slide62.swf" />
  <slide transition="" id="63" frame="0" swidth="720" sheight="540" title="Slide 63" totalframes="449" path="slide63.swf" name="slide63.swf" />
  <slide transition="" id="64" frame="0" swidth="720" sheight="540" title="Slide 64" totalframes="337" path="slide64.swf" name="slide64.swf" />
  <slide id="64" animationid="1" frame="167" name="0" title="Slide 64" path="slide64.swf" />
  <slide transition="" id="65" frame="0" swidth="720" sheight="540" title="Slide 65" totalframes="554" path="slide65.swf" name="slide65.swf" />
  <slide transition="" id="66" frame="0" swidth="720" sheight="540" title="Slide 66" totalframes="350" path="slide66.swf" name="slide66.swf" />
  <slide transition="" id="67" frame="0" swidth="720" sheight="540" title="Slide 67" totalframes="602" path="slide67.swf" name="slide67.swf" />
  <slide transition="" id="68" frame="0" swidth="720" sheight="540" title="Slide 68" totalframes="537" path="slide68.swf" name="slide68.swf" />
  <slide transition="" id="69" frame="0" swidth="720" sheight="540" title="Slide 69" totalframes="508" path="slide69.swf" name="slide69.swf" />
  <slide transition="" id="70" frame="0" swidth="720" sheight="540" title="Slide 70" totalframes="825" path="slide70.swf" name="slide70.swf" />
  <slide transition="" id="71" frame="0" swidth="720" sheight="540" title="Slide 71" totalframes="520" path="slide71.swf" name="slide71.swf" />
  <slide transition="" id="72" frame="0" swidth="720" sheight="540" title="Slide 72" totalframes="881" path="slide72.swf" name="slide72.swf" />
  <slide transition="" id="73" frame="0" swidth="720" sheight="540" title="Slide 73" totalframes="1086" path="slide73.swf" name="slide73.swf" />
  <slide transition="" id="74" frame="0" swidth="720" sheight="540" title="Slide 74" totalframes="509" path="slide74.swf" name="slide74.swf" />
  <slide transition="" id="75" frame="0" swidth="720" sheight="540" title="Slide 75" totalframes="620" path="slide75.swf" name="slide75.swf" />
  <slide transition="" id="76" frame="0" swidth="720" sheight="540" title="Slide 76" totalframes="547" path="slide76.swf" name="slide76.swf" />
  <slide transition="" id="77" frame="0" swidth="720" sheight="540" title="Slide 77" totalframes="643" path="slide77.swf" name="slide77.swf" />
  <slide transition="" id="78" frame="0" swidth="720" sheight="540" title="Slide 78" totalframes="1370" path="slide78.swf" name="slide78.swf" />
  <slide transition="" id="79" frame="0" swidth="720" sheight="540" title="Slide 79" totalframes="722" path="slide79.swf" name="slide79.swf" />
</root>