﻿<?xml version="1.0" encoding="UTF-8"?>
<presentation>
  <properties>
    <title><![CDATA[Verificacao Validacao e Teste de software_aula04]]></title>
    <creationdate>19/11/2009 13:28:27</creationdate>
    <audio>on</audio>
    <navigationonclick>false</navigationonclick>
    <animations>true</animations>
    <transitions>false</transitions>
    <sdkversion>07</sdkversion>
    <release>1.1</release>
    <soundacrossslides>false</soundacrossslides>
    <defaulturl>Slides/default_0.swf</defaulturl>
    <video>
    </video>
    <templatecolor>Silver</templatecolor>
    <layout>E-Learning Standard</layout>
    <presentertitle><![CDATA[]]></presentertitle>
    <presentername><![CDATA[]]></presentername>
    <presentercompany><![CDATA[]]></presentercompany>
    <presenteremail><![CDATA[]]></presenteremail>
    <presentationtitle>Verificacao Validacao e Teste de software_aula04</presentationtitle>
    <powerpointfile>Verificacao Validacao e Teste de software_aula04.ppt</powerpointfile>
    <presentationdescription><![CDATA[]]></presentationdescription>
    <presentationkeywords>Dimensões do teste</presentationkeywords>
    <audioquality>Medium</audioquality>
    <imagequality>9</imagequality>
    <showslidenotesinoutput>True</showslidenotesinoutput>
    <usenarrations>True</usenarrations>
  </properties>
  <slides>
    <slide id="1">
      <transition>
      </transition>
      <width>720</width>
      <height>540</height>
      <transitionurl>
      </transitionurl>
      <embeddedsound>
        <audio onclick="false" type="n" repeat="false" startframe="1" duration="1" />
      </embeddedsound>
      <slidenavigation onclick="true" slideadvmode="true" />
      <fileurl>Slides/slide1.swf</fileurl>
      <slideimage height="150" width="200">Images/slide1_200,150.jpg</slideimage>
      <title><![CDATA[Slide 1]]></title>
      <notes><![CDATA[]]></notes>
      <slidetext><![CDATA[MBA em Engenharia de Software à Distância  Profª. Cleziana de Freitas CostaCleziana.costa@gmail.com  Verificação, Validação e Teste de Software  ]]></slidetext>
      <animations>
      </animations>
      <waitforuser>false</waitforuser>
      <totalframes>380</totalframes>
      <time>00:00:19</time>
      <transitionmediaurl />
    </slide>
    <slide id="2">
      <transition>5,PixelDissolve,0.5,80,80</transition>
      <width>720</width>
      <height>540</height>
      <transitionurl>
      </transitionurl>
      <embeddedsound>
        <audio onclick="false" type="n" repeat="false" startframe="1" duration="1" />
      </embeddedsound>
      <slidenavigation onclick="true" slideadvmode="true" />
      <fileurl>Slides/slide2.swf</fileurl>
      <slideimage height="150" width="200">Images/slide2_200,150.jpg</slideimage>
      <title><![CDATA[Slide 2]]></title>
      <notes><![CDATA[]]></notes>
      <slidetext><![CDATA[MBA em Engenharia de Software à Distância  Você está aqui!  ]]></slidetext>
      <animations>
      </animations>
      <waitforuser>false</waitforuser>
      <totalframes>168</totalframes>
      <time>00:00:08</time>
      <transitionmediaurl />
    </slide>
    <slide id="3">
      <transition>5,PixelDissolve,0.5,80,80</transition>
      <width>720</width>
      <height>540</height>
      <transitionurl>
      </transitionurl>
      <embeddedsound>
        <audio onclick="false" type="n" repeat="false" startframe="1" duration="1" />
      </embeddedsound>
      <slidenavigation onclick="true" slideadvmode="true" />
      <fileurl>Slides/slide3.swf</fileurl>
      <slideimage height="150" width="200">Images/slide3_200,150.jpg</slideimage>
      <title><![CDATA[Slide 3]]></title>
      <notes><![CDATA[]]></notes>
      <slidetext><![CDATA[MBA em Engenharia de Software à Distância  Objetivos da Aula  Explicar as Dimensões do Teste;Descrever os níveis de teste;Explicar que tipo de técnica será utilizada quando for testar;Descrever os tipos de teste que serão utilizados em determinada técnica;Explicar qual o ambiente será executado o teste.  Profª Cleziana de Freitas Costa  ]]></slidetext>
      <animations>
      </animations>
      <waitforuser>false</waitforuser>
      <totalframes>567</totalframes>
      <time>00:00:28</time>
      <transitionmediaurl />
    </slide>
    <slide id="4">
      <transition>
      </transition>
      <width>720</width>
      <height>540</height>
      <transitionurl>
      </transitionurl>
      <embeddedsound>
        <audio onclick="false" type="n" repeat="false" startframe="1" duration="1" />
      </embeddedsound>
      <slidenavigation onclick="true" slideadvmode="true" />
      <fileurl>Slides/slide4.swf</fileurl>
      <slideimage height="150" width="200">Images/slide4_200,150.jpg</slideimage>
      <title><![CDATA[Slide 4]]></title>
      <notes><![CDATA[]]></notes>
      <slidetext><![CDATA[MBA em Engenharia de Software à Distância: Verificação, Validação de Teste de Software  DimensãoSentido em que se mede a extensão para avaliá-la. (Míni Aurélio – Dicionário da língua portuguesa, 6ª edição);Teste Testar é o processo de executar um programa ou sistema com a intenção de encontrar defeitos (teste negativo). (Glen Myers - 1979);  Dimensões do teste  Profª Cleziana de Freitas Costa  ]]></slidetext>
      <animations>
      </animations>
      <waitforuser>false</waitforuser>
      <totalframes>901</totalframes>
      <time>00:00:45</time>
      <transitionmediaurl />
    </slide>
    <slide id="5">
      <transition>
      </transition>
      <width>720</width>
      <height>540</height>
      <transitionurl>
      </transitionurl>
      <embeddedsound>
        <audio onclick="false" type="n" repeat="false" startframe="1" duration="1" />
      </embeddedsound>
      <slidenavigation onclick="true" slideadvmode="true" />
      <fileurl>Slides/slide5.swf</fileurl>
      <slideimage height="150" width="200">Images/slide5_200,150.jpg</slideimage>
      <title><![CDATA[Dimensões do teste]]></title>
      <notes><![CDATA[]]></notes>
      <slidetext><![CDATA[Dimensões do teste  “Devemos: Planejar os testes de forma organizadaTestar a aplicação com bastante precisão.		 Os “bugs’, estarão lá na aplicação, esperando para ser encontrado e aguardando o momento certo para aparecer...”.		(SQA User Mailing List)  Profª Cleziana de Freitas Costa  ]]></slidetext>
      <animations>
      </animations>
      <waitforuser>false</waitforuser>
      <totalframes>953</totalframes>
      <time>00:00:47</time>
      <transitionmediaurl />
    </slide>
    <slide id="6">
      <transition>
      </transition>
      <width>720</width>
      <height>540</height>
      <transitionurl>
      </transitionurl>
      <embeddedsound>
        <audio onclick="false" type="n" repeat="false" startframe="1" duration="1" />
      </embeddedsound>
      <slidenavigation onclick="true" slideadvmode="true" />
      <fileurl>Slides/slide6.swf</fileurl>
      <slideimage height="150" width="200">Images/slide6_200,150.jpg</slideimage>
      <title><![CDATA[Slide 6]]></title>
      <notes><![CDATA[]]></notes>
      <slidetext><![CDATA[Dimensões do teste  Profª Cleziana de Freitas Costa  ]]></slidetext>
      <animations>
      </animations>
      <waitforuser>false</waitforuser>
      <totalframes>861</totalframes>
      <time>00:00:43</time>
      <transitionmediaurl />
    </slide>
    <slide id="7">
      <transition>
      </transition>
      <width>720</width>
      <height>540</height>
      <transitionurl>
      </transitionurl>
      <embeddedsound>
        <audio onclick="false" type="n" repeat="false" startframe="1" duration="1" />
      </embeddedsound>
      <slidenavigation onclick="true" slideadvmode="true" />
      <fileurl>Slides/slide7.swf</fileurl>
      <slideimage height="150" width="200">Images/slide7_200,150.jpg</slideimage>
      <title><![CDATA[Slide 7]]></title>
      <notes><![CDATA[]]></notes>
      <slidetext><![CDATA[Primeira Dimensão: Estado do teste 		Momento onde haverá teste e o responsável por sua execução.  Teste de UnidadeTeste de IntegraçãoTeste de SistemaTeste de Aceitação  Dimensões do teste  Profª Cleziana de Freitas Costa  ]]></slidetext>
      <animations>
      </animations>
      <waitforuser>false</waitforuser>
      <totalframes>2283</totalframes>
      <time>00:01:54</time>
      <transitionmediaurl />
    </slide>
    <slide id="8">
      <transition>
      </transition>
      <width>720</width>
      <height>540</height>
      <transitionurl>
      </transitionurl>
      <embeddedsound>
        <audio onclick="false" type="n" repeat="false" startframe="1" duration="1" />
      </embeddedsound>
      <slidenavigation onclick="true" slideadvmode="true" />
      <fileurl>Slides/slide8.swf</fileurl>
      <slideimage height="150" width="200">Images/slide8_200,150.jpg</slideimage>
      <title><![CDATA[Slide 8]]></title>
      <notes><![CDATA[]]></notes>
      <slidetext><![CDATA[Teste de Unidade		Estágio mais baixo da escala de testes, são aplicados nos menores componentes de código criados.Objetivos		Garante os componentes do código atendem as especificações, em termos de características e funcionalidades.  Estado do Teste  <html><head><meta http-equiv="content-type" content="text/html; charset=UTF-8"><title>Resultados da Pesquisa  Profª Cleziana de Freitas Costa  ]]></slidetext>
      <animations>
      </animations>
      <waitforuser>false</waitforuser>
      <totalframes>1681</totalframes>
      <time>00:01:24</time>
      <transitionmediaurl />
    </slide>
    <slide id="9">
      <transition>
      </transition>
      <width>720</width>
      <height>540</height>
      <transitionurl>
      </transitionurl>
      <embeddedsound>
        <audio onclick="false" type="n" repeat="false" startframe="1" duration="1" />
      </embeddedsound>
      <slidenavigation onclick="true" slideadvmode="true" />
      <fileurl>Slides/slide9.swf</fileurl>
      <slideimage height="150" width="200">Images/slide9_200,150.jpg</slideimage>
      <title><![CDATA[Slide 9]]></title>
      <notes><![CDATA[]]></notes>
      <slidetext><![CDATA[Quem executa os Testes de Unidade?      Desenvolvedores ou programadores  do código.Tipos de Teste		Ocorre com acesso ao código que está sendo testado e no ambiente de desenvolvimento. Teste de funcionalidade – verifica o comportamento dos recursos;Teste estrutural – verifica a cobertura do código.  Estado do Teste  Profª Cleziana de Freitas Costa  ]]></slidetext>
      <animations>
      </animations>
      <waitforuser>false</waitforuser>
      <totalframes>1983</totalframes>
      <time>00:01:39</time>
      <transitionmediaurl />
    </slide>
    <slide id="10">
      <transition>
      </transition>
      <width>720</width>
      <height>540</height>
      <transitionurl>
      </transitionurl>
      <embeddedsound>
        <audio onclick="false" type="n" repeat="false" startframe="1" duration="1" />
      </embeddedsound>
      <slidenavigation onclick="true" slideadvmode="true" />
      <fileurl>Slides/slide10.swf</fileurl>
      <slideimage height="150" width="200">Images/slide10_200,150.jpg</slideimage>
      <title><![CDATA[Slide 10]]></title>
      <notes><![CDATA[]]></notes>
      <slidetext><![CDATA[Teste de Integração 		É o Teste de Integração de componentes que já tenham sido passados pelo teste unitário, onde são executados numa combinação para verificar se eles funcionam corretamente juntos.Objetivos		 Garantir que os componentes possam ser integrados com sucesso para executar uma determinada funcionalidade.  Estado do Teste  Profª Cleziana de Freitas Costa  ]]></slidetext>
      <animations>
      </animations>
      <waitforuser>false</waitforuser>
      <totalframes>1093</totalframes>
      <time>00:00:54</time>
      <transitionmediaurl />
    </slide>
    <slide id="11">
      <transition>
      </transition>
      <width>720</width>
      <height>540</height>
      <transitionurl>
      </transitionurl>
      <embeddedsound>
        <audio onclick="false" type="n" repeat="false" startframe="1" duration="1" />
      </embeddedsound>
      <slidenavigation onclick="true" slideadvmode="true" />
      <fileurl>Slides/slide11.swf</fileurl>
      <slideimage height="150" width="200">Images/slide11_200,150.jpg</slideimage>
      <title><![CDATA[Slide 11]]></title>
      <notes><![CDATA[]]></notes>
      <slidetext><![CDATA[Quem executa os Testes de Integração? 		Os testes de integração podem ser realizados por desenvolvedores ou por uma equipe de teste.Tipos de Teste		 Os testes podem ser feitos de forma incremental, onde cada módulo ou componente vai sendo incluído seqüencialmente até que todos possam ser testados.Teste de funcionalidade – verifica o comportamento dos recursos;Teste estrutural – verifica a cobertura do código.  Estado do Teste  Profª Cleziana de Freitas Costa  ]]></slidetext>
      <animations>
      </animations>
      <waitforuser>false</waitforuser>
      <totalframes>2216</totalframes>
      <time>00:01:50</time>
      <transitionmediaurl />
    </slide>
    <slide id="12">
      <transition>
      </transition>
      <width>720</width>
      <height>540</height>
      <transitionurl>
      </transitionurl>
      <embeddedsound>
        <audio onclick="false" type="n" repeat="false" startframe="1" duration="1" />
      </embeddedsound>
      <slidenavigation onclick="true" slideadvmode="true" />
      <fileurl>Slides/slide12.swf</fileurl>
      <slideimage height="150" width="200">Images/slide12_200,150.jpg</slideimage>
      <title><![CDATA[Slide 12]]></title>
      <notes><![CDATA[]]></notes>
      <slidetext><![CDATA[Estratégias para os Testes de Integração 		Essas estratégias podem ser realizadas na arquitetura do sistema, funções, seqüencias de processamento de transações, entre outros aspectos do sistema ou componente.EstratégiasBotton-up;Top-down;Fluxo de dados;Funcional;Big-bang.  Estado do Teste  Profª Cleziana de Freitas Costa  ]]></slidetext>
      <animations>
      </animations>
      <waitforuser>false</waitforuser>
      <totalframes>1243</totalframes>
      <time>00:01:02</time>
      <transitionmediaurl />
    </slide>
    <slide id="13">
      <transition>
      </transition>
      <width>720</width>
      <height>540</height>
      <transitionurl>
      </transitionurl>
      <embeddedsound>
        <audio onclick="false" type="n" repeat="false" startframe="1" duration="1" />
      </embeddedsound>
      <slidenavigation onclick="true" slideadvmode="true" />
      <fileurl>Slides/slide13.swf</fileurl>
      <slideimage height="150" width="200">Images/slide13_200,150.jpg</slideimage>
      <title><![CDATA[Slide 13]]></title>
      <notes><![CDATA[]]></notes>
      <slidetext><![CDATA[Estratégias para os Testes de Integração 		Botton-up - os testes começam agrupando os componentes, programas, módulos ou subsistemas do mais baixo nível para formar novos módulos ou subsistemas em níveis superiores.Top-down – os testes começam agrupando os componentes, programas, módulos ou subsistemas, onde o de mais alto nível  é executado primeiro, sendo os demais adicionado um a um após os resultados favoráveis dos testes anteriores.  Estado do Teste  Profª Cleziana de Freitas Costa  ]]></slidetext>
      <animations>
      </animations>
      <waitforuser>false</waitforuser>
      <totalframes>948</totalframes>
      <time>00:00:47</time>
      <transitionmediaurl />
    </slide>
    <slide id="14">
      <transition>
      </transition>
      <width>720</width>
      <height>540</height>
      <transitionurl>
      </transitionurl>
      <embeddedsound>
        <audio onclick="false" type="n" repeat="false" startframe="1" duration="1" />
      </embeddedsound>
      <slidenavigation onclick="true" slideadvmode="true" />
      <fileurl>Slides/slide14.swf</fileurl>
      <slideimage height="150" width="200">Images/slide14_200,150.jpg</slideimage>
      <title><![CDATA[Slide 14]]></title>
      <notes><![CDATA[]]></notes>
      <slidetext><![CDATA[Estratégias para os Testes de Integração 		Fluxo de dados: a integração dos componentes é feita pelo desenho do fluxo de dados.Funcional: a integração é feita baseada na junção de componentes que produzam um resultado funcional significativo para os usuários.Big-bang: combinam todos os componentes de uma só vez.  Estado do Teste  Profª Cleziana de Freitas Costa  ]]></slidetext>
      <animations>
      </animations>
      <waitforuser>false</waitforuser>
      <totalframes>1397</totalframes>
      <time>00:01:09</time>
      <transitionmediaurl />
    </slide>
    <slide id="15">
      <transition>
      </transition>
      <width>720</width>
      <height>540</height>
      <transitionurl>
      </transitionurl>
      <embeddedsound>
        <audio onclick="false" type="n" repeat="false" startframe="1" duration="1" />
      </embeddedsound>
      <slidenavigation onclick="true" slideadvmode="true" />
      <fileurl>Slides/slide15.swf</fileurl>
      <slideimage height="150" width="200">Images/slide15_200,150.jpg</slideimage>
      <title><![CDATA[Slide 15]]></title>
      <notes><![CDATA[]]></notes>
      <slidetext><![CDATA[Teste de Sistema 				Teste de sistema se refere ao comportamento de todo do sistema / produto definido pelo escopo de um projeto ou programa de desenvolvimento.  Estado do Teste  Profª Cleziana de Freitas Costa  ]]></slidetext>
      <animations>
      </animations>
      <waitforuser>false</waitforuser>
      <totalframes>318</totalframes>
      <time>00:00:15</time>
      <transitionmediaurl />
    </slide>
    <slide id="16">
      <transition>
      </transition>
      <width>720</width>
      <height>540</height>
      <transitionurl>
      </transitionurl>
      <embeddedsound>
        <audio onclick="false" type="n" repeat="false" startframe="1" duration="1" />
      </embeddedsound>
      <slidenavigation onclick="true" slideadvmode="true" />
      <fileurl>Slides/slide16.swf</fileurl>
      <slideimage height="150" width="200">Images/slide16_200,150.jpg</slideimage>
      <title><![CDATA[Slide 16]]></title>
      <notes><![CDATA[]]></notes>
      <slidetext><![CDATA[Objetivos		Garantir que os requisitos do software foram cumpridos e foram implementados corretamente  Estado do Teste  Lembre-se que os usuários estão preocupados apenas com o seu negócio e não são técnicos para verificarem se todas as possibilidades de teste foram esgotadas.  Profª Cleziana de Freitas Costa  ]]></slidetext>
      <animations>
      </animations>
      <waitforuser>false</waitforuser>
      <totalframes>1240</totalframes>
      <time>00:01:02</time>
      <transitionmediaurl />
    </slide>
    <slide id="17">
      <transition>
      </transition>
      <width>720</width>
      <height>540</height>
      <transitionurl>
      </transitionurl>
      <embeddedsound>
        <audio onclick="false" type="n" repeat="false" startframe="1" duration="1" />
      </embeddedsound>
      <slidenavigation onclick="true" slideadvmode="true" />
      <fileurl>Slides/slide17.swf</fileurl>
      <slideimage height="150" width="200">Images/slide17_200,150.jpg</slideimage>
      <title><![CDATA[Slide 17]]></title>
      <notes><![CDATA[]]></notes>
      <slidetext><![CDATA[Quem executa os Testes de Sistema? 				 São realizados pela equipe de testes, visando a execução do sistema como um todo ou um subsistema, dentro de um ambiente operacional controlado, para validar a exatidão e perfeição na execução de suas funções.  Estado do Teste  Profª Cleziana de Freitas Costa  ]]></slidetext>
      <animations>
      </animations>
      <waitforuser>false</waitforuser>
      <totalframes>557</totalframes>
      <time>00:00:27</time>
      <transitionmediaurl />
    </slide>
    <slide id="18">
      <transition>
      </transition>
      <width>720</width>
      <height>540</height>
      <transitionurl>
      </transitionurl>
      <embeddedsound>
        <audio onclick="false" type="n" repeat="false" startframe="1" duration="1" />
      </embeddedsound>
      <slidenavigation onclick="true" slideadvmode="true" />
      <fileurl>Slides/slide18.swf</fileurl>
      <slideimage height="150" width="200">Images/slide18_200,150.jpg</slideimage>
      <title><![CDATA[Slide 18]]></title>
      <notes><![CDATA[]]></notes>
      <slidetext><![CDATA[Tipos de Teste 				Neste estágio de teste deve ser simulada a operação normal do sistema, sendo testadas todas as suas funções de forma mais próxima possível do que irá ocorrer no ambiente de produção.  Estado do Teste  Lembrando que o ambiente de teste deve corresponder o máximo possível ao objetivo final, ou o ambiente de produção, para minimizar que os riscos de falhas específicas de ambiente não serem encontradas durante o teste.  Profª Cleziana de Freitas Costa  ]]></slidetext>
      <animations>
      </animations>
      <waitforuser>false</waitforuser>
      <totalframes>2131</totalframes>
      <time>00:01:46</time>
      <transitionmediaurl />
    </slide>
    <slide id="19">
      <transition>
      </transition>
      <width>720</width>
      <height>540</height>
      <transitionurl>
      </transitionurl>
      <embeddedsound>
        <audio onclick="false" type="n" repeat="false" startframe="1" duration="1" />
      </embeddedsound>
      <slidenavigation onclick="true" slideadvmode="true" />
      <fileurl>Slides/slide19.swf</fileurl>
      <slideimage height="150" width="200">Images/slide19_200,150.jpg</slideimage>
      <title><![CDATA[Slide 19]]></title>
      <notes><![CDATA[]]></notes>
      <slidetext><![CDATA[Tipos de Teste 				Teste de Carga;Teste de Performance;Teste de Usabilidade;Teste de compatibilidade;Teste de Segurança;Teste de Recuperação.  Estado do Teste  Profª Cleziana de Freitas Costa  ]]></slidetext>
      <animations>
      </animations>
      <waitforuser>false</waitforuser>
      <totalframes>3050</totalframes>
      <time>00:02:32</time>
      <transitionmediaurl />
    </slide>
    <slide id="20">
      <transition>
      </transition>
      <width>720</width>
      <height>540</height>
      <transitionurl>
      </transitionurl>
      <embeddedsound>
        <audio onclick="false" type="n" repeat="false" startframe="1" duration="1" />
      </embeddedsound>
      <slidenavigation onclick="true" slideadvmode="true" />
      <fileurl>Slides/slide20.swf</fileurl>
      <slideimage height="150" width="200">Images/slide20_200,150.jpg</slideimage>
      <title><![CDATA[Slide 20]]></title>
      <notes><![CDATA[]]></notes>
      <slidetext><![CDATA[Quais documentos devemos nos basear para realizar os testes de sistemas?			Especificação de riscos e/ou de requisitos;Processos de negócios;Casos de uso.	Dentre outras descrições de alto nível do comportamento, interações e recursos do sistema.	Devemos tratar os requisitos:Funcionais; Não Funcionais;  Estado do Teste  Profª Cleziana de Freitas Costa  ]]></slidetext>
      <animations>
      </animations>
      <waitforuser>false</waitforuser>
      <totalframes>952</totalframes>
      <time>00:00:47</time>
      <transitionmediaurl />
    </slide>
    <slide id="21">
      <transition>
      </transition>
      <width>720</width>
      <height>540</height>
      <transitionurl>
      </transitionurl>
      <embeddedsound>
        <audio onclick="false" type="n" repeat="false" startframe="1" duration="1" />
      </embeddedsound>
      <slidenavigation onclick="true" slideadvmode="true" />
      <fileurl>Slides/slide21.swf</fileurl>
      <slideimage height="150" width="200">Images/slide21_200,150.jpg</slideimage>
      <title><![CDATA[Slide 21]]></title>
      <notes><![CDATA[]]></notes>
      <slidetext><![CDATA[Requisitos Funcionais		Descrevem as funcionalidades que se espera que o software forneça quando estiverem prontas, como entradas, saídas, exceções etc. 				Tipos de TesteTeste de Caixa Preta;Teste de Caixa Branca.  Estado do Teste  Profª Cleziana de Freitas Costa  ]]></slidetext>
      <animations>
      </animations>
      <waitforuser>false</waitforuser>
      <totalframes>1632</totalframes>
      <time>00:01:21</time>
      <transitionmediaurl />
    </slide>
    <slide id="22">
      <transition>
      </transition>
      <width>720</width>
      <height>540</height>
      <transitionurl>
      </transitionurl>
      <embeddedsound>
        <audio onclick="false" type="n" repeat="false" startframe="1" duration="1" />
      </embeddedsound>
      <slidenavigation onclick="true" slideadvmode="true" />
      <fileurl>Slides/slide22.swf</fileurl>
      <slideimage height="150" width="200">Images/slide22_200,150.jpg</slideimage>
      <title><![CDATA[Slide 22]]></title>
      <notes><![CDATA[]]></notes>
      <slidetext><![CDATA[Requisitos Não Funcionais		Descrevem restrições ao software de forma geral. Não são, portanto, relativos diretamente às funções desempenhadas pelo produto.				Tipos de TesteTeste de Carga;Teste de Performance.  Estado do Teste  Profª Cleziana de Freitas Costa  ]]></slidetext>
      <animations>
      </animations>
      <waitforuser>false</waitforuser>
      <totalframes>1980</totalframes>
      <time>00:01:39</time>
      <transitionmediaurl />
    </slide>
    <slide id="23">
      <transition>
      </transition>
      <width>720</width>
      <height>540</height>
      <transitionurl>
      </transitionurl>
      <embeddedsound>
        <audio onclick="false" type="n" repeat="false" startframe="1" duration="1" />
      </embeddedsound>
      <slidenavigation onclick="true" slideadvmode="true" />
      <fileurl>Slides/slide23.swf</fileurl>
      <slideimage height="150" width="200">Images/slide23_200,150.jpg</slideimage>
      <title><![CDATA[Slide 23]]></title>
      <notes><![CDATA[]]></notes>
      <slidetext><![CDATA[Atividades do Teste de Sistema		Atividades básicas que devem ser seguidas para que o teste de sistema possa ser executado com sucesso:	Configurar o ambiente de teste, mais próximo do ambiente de produção;Criar dados de teste;Definir os casos de teste;Preparar os scripts ou procedimentos de teste a serem seguidos pelos testadores;Avaliar os resultados dos testes;Fazer o registro dos defeitos;Verificar se os defeitos foram realmente corrigidos;Garantir que os ciclos de testes foram cumpridos para aquela aplicação específica.  Estado do Teste  Profª Cleziana de Freitas Costa  ]]></slidetext>
      <animations>
      </animations>
      <waitforuser>false</waitforuser>
      <totalframes>2210</totalframes>
      <time>00:01:50</time>
      <transitionmediaurl />
    </slide>
    <slide id="24">
      <transition>
      </transition>
      <width>720</width>
      <height>540</height>
      <transitionurl>
      </transitionurl>
      <embeddedsound>
        <audio onclick="false" type="n" repeat="false" startframe="1" duration="1" />
      </embeddedsound>
      <slidenavigation onclick="true" slideadvmode="true" />
      <fileurl>Slides/slide24.swf</fileurl>
      <slideimage height="150" width="200">Images/slide24_200,150.jpg</slideimage>
      <title><![CDATA[Slide 24]]></title>
      <notes><![CDATA[]]></notes>
      <slidetext><![CDATA[Quando terminar o Teste de Sistema?		 O teste de sistema será dado como terminado quando a equipe de testes sentir que a aplicação está apta para ser liberada para produção.  Estado do Teste  Profª Cleziana de Freitas Costa  ]]></slidetext>
      <animations>
      </animations>
      <waitforuser>false</waitforuser>
      <totalframes>732</totalframes>
      <time>00:00:36</time>
      <transitionmediaurl />
    </slide>
    <slide id="25">
      <transition>
      </transition>
      <width>720</width>
      <height>540</height>
      <transitionurl>
      </transitionurl>
      <embeddedsound>
        <audio onclick="false" type="n" repeat="false" startframe="1" duration="1" />
      </embeddedsound>
      <slidenavigation onclick="true" slideadvmode="true" />
      <fileurl>Slides/slide25.swf</fileurl>
      <slideimage height="150" width="200">Images/slide25_200,150.jpg</slideimage>
      <title><![CDATA[Slide 25]]></title>
      <notes><![CDATA[]]></notes>
      <slidetext><![CDATA[Teste de Aceitação		 São os testes finais de execução do sistema, realizados pelos usuários, visando verificar se a solução atende aos objetivos do negócio e a seus requisitos, no que diz respeito à funcionalidade e usabilidade, antes da utilização no ambiente de produção.  Estado do Teste  Profª Cleziana de Freitas Costa  ]]></slidetext>
      <animations>
      </animations>
      <waitforuser>false</waitforuser>
      <totalframes>759</totalframes>
      <time>00:00:37</time>
      <transitionmediaurl />
    </slide>
    <slide id="26">
      <transition>
      </transition>
      <width>720</width>
      <height>540</height>
      <transitionurl>
      </transitionurl>
      <embeddedsound>
        <audio onclick="false" type="n" repeat="false" startframe="1" duration="1" />
      </embeddedsound>
      <slidenavigation onclick="true" slideadvmode="true" />
      <fileurl>Slides/slide26.swf</fileurl>
      <slideimage height="150" width="200">Images/slide26_200,150.jpg</slideimage>
      <title><![CDATA[Slide 26]]></title>
      <notes><![CDATA[]]></notes>
      <slidetext><![CDATA[Objetivos do Teste de Aceitação		 Estabelecer a confiança no sistema, parte do sistema ou uma característica não específica do sistema. Procurar defeitos não é o principal foco do teste de aceite.Foco do TesteAvaliar a disponibilidade do sistema para entrar em produção;  Estado do Teste  Profª Cleziana de Freitas Costa  ]]></slidetext>
      <animations>
      </animations>
      <waitforuser>false</waitforuser>
      <totalframes>1514</totalframes>
      <time>00:01:15</time>
      <transitionmediaurl />
    </slide>
    <slide id="27">
      <transition>
      </transition>
      <width>720</width>
      <height>540</height>
      <transitionurl>
      </transitionurl>
      <embeddedsound>
        <audio onclick="false" type="n" repeat="false" startframe="1" duration="1" />
      </embeddedsound>
      <slidenavigation onclick="true" slideadvmode="true" />
      <fileurl>Slides/slide27.swf</fileurl>
      <slideimage height="150" width="200">Images/slide27_200,150.jpg</slideimage>
      <title><![CDATA[Slide 27]]></title>
      <notes><![CDATA[]]></notes>
      <slidetext><![CDATA[Quem é responsável pelos testes de Aceitação?		 Teste de aceite freqüentemente é de responsabilidade do cliente ou do usuário do sistema; os interessados (stakeholders) também podem ser envolvidos. Os testes, embora sejam de responsabilidade dos usuários, são conduzidos com suporte da equipe de testes e da equipe do projeto.  Estado do Teste  Profª Cleziana de Freitas Costa  ]]></slidetext>
      <animations>
      </animations>
      <waitforuser>false</waitforuser>
      <totalframes>605</totalframes>
      <time>00:00:30</time>
      <transitionmediaurl />
    </slide>
    <slide id="28">
      <transition>
      </transition>
      <width>720</width>
      <height>540</height>
      <transitionurl>
      </transitionurl>
      <embeddedsound>
        <audio onclick="false" type="n" repeat="false" startframe="1" duration="1" />
      </embeddedsound>
      <slidenavigation onclick="true" slideadvmode="true" />
      <fileurl>Slides/slide28.swf</fileurl>
      <slideimage height="150" width="200">Images/slide28_200,150.jpg</slideimage>
      <title><![CDATA[Slide 28]]></title>
      <notes><![CDATA[]]></notes>
      <slidetext><![CDATA[Tipos de Teste	 As formas de teste de aceite incluem tipicamente os seguintes:Teste de Aceite de Usuário;Teste Operacional de Aceite;Teste de aceite de contrato e regulamento;Alfa e Beta Teste (ou teste no campo).  Estado do Teste  Profª Cleziana de Freitas Costa  ]]></slidetext>
      <animations>
      </animations>
      <waitforuser>false</waitforuser>
      <totalframes>686</totalframes>
      <time>00:00:34</time>
      <transitionmediaurl />
    </slide>
    <slide id="29">
      <transition>
      </transition>
      <width>720</width>
      <height>540</height>
      <transitionurl>
      </transitionurl>
      <embeddedsound>
        <audio onclick="false" type="n" repeat="false" startframe="1" duration="1" />
      </embeddedsound>
      <slidenavigation onclick="true" slideadvmode="true" />
      <fileurl>Slides/slide29.swf</fileurl>
      <slideimage height="150" width="200">Images/slide29_200,150.jpg</slideimage>
      <title><![CDATA[Slide 29]]></title>
      <notes><![CDATA[]]></notes>
      <slidetext><![CDATA[Tipos de Teste	Teste de Aceite de Usuário - Verifica se o sistema está apropriado para o uso por um usuário com perfil de negócio.	Teste Operacional de Aceite - O aceite do sistema pelo administrador dos sistemas.	Teste de aceite de contrato - Verifica-se algum critério de aceite incluso em contrato na produção de software sob encomenda. 	Teste de aceite de regulamento – Verifica-se a necessidade de adesão a algum regulamento de acordo com outras normas.  Estado do Teste  Profª Cleziana de Freitas Costa  ]]></slidetext>
      <animations>
      </animations>
      <waitforuser>false</waitforuser>
      <totalframes>1389</totalframes>
      <time>00:01:09</time>
      <transitionmediaurl />
    </slide>
    <slide id="30">
      <transition>
      </transition>
      <width>720</width>
      <height>540</height>
      <transitionurl>
      </transitionurl>
      <embeddedsound>
        <audio onclick="false" type="n" repeat="false" startframe="1" duration="1" />
      </embeddedsound>
      <slidenavigation onclick="true" slideadvmode="true" />
      <fileurl>Slides/slide30.swf</fileurl>
      <slideimage height="150" width="200">Images/slide30_200,150.jpg</slideimage>
      <title><![CDATA[Slide 30]]></title>
      <notes><![CDATA[]]></notes>
      <slidetext><![CDATA[Tipos de Teste	Alfa Teste - É feito no “site” da organização em que o produto foi desenvolvido.	Beta Teste - É feito pelas pessoas em suas próprias localidades.	Ambos os testes são feitos pelos clientes em potencial e não pelos desenvolvedores do produto.  Estado do Teste  Profª Cleziana de Freitas Costa  ]]></slidetext>
      <animations>
      </animations>
      <waitforuser>false</waitforuser>
      <totalframes>1280</totalframes>
      <time>00:01:04</time>
      <transitionmediaurl />
    </slide>
    <slide id="31">
      <transition>
      </transition>
      <width>720</width>
      <height>540</height>
      <transitionurl>
      </transitionurl>
      <embeddedsound>
        <audio onclick="false" type="n" repeat="false" startframe="1" duration="1" />
      </embeddedsound>
      <slidenavigation onclick="true" slideadvmode="true" />
      <fileurl>Slides/slide31.swf</fileurl>
      <slideimage height="150" width="200">Images/slide31_200,150.jpg</slideimage>
      <title><![CDATA[Slide 31]]></title>
      <notes><![CDATA[]]></notes>
      <slidetext><![CDATA[Dimensões do teste  Profª Cleziana de Freitas Costa  ]]></slidetext>
      <animations>
      </animations>
      <waitforuser>false</waitforuser>
      <totalframes>322</totalframes>
      <time>00:00:16</time>
      <transitionmediaurl />
    </slide>
    <slide id="32">
      <transition>
      </transition>
      <width>720</width>
      <height>540</height>
      <transitionurl>
      </transitionurl>
      <embeddedsound>
        <audio onclick="false" type="n" repeat="false" startframe="1" duration="1" />
      </embeddedsound>
      <slidenavigation onclick="true" slideadvmode="true" />
      <fileurl>Slides/slide32.swf</fileurl>
      <slideimage height="150" width="200">Images/slide32_200,150.jpg</slideimage>
      <title><![CDATA[Slide 32]]></title>
      <notes><![CDATA[]]></notes>
      <slidetext><![CDATA[Como vou Testar?		 Devemos fazer uma análise da aplicação e dizer qual técnica é mais apropriado para ser seguida: Técnica de Teste EstruturalTécnica de Teste Funcional  Técnica do Teste  Profª Cleziana de Freitas Costa  ]]></slidetext>
      <animations>
      </animations>
      <waitforuser>false</waitforuser>
      <totalframes>1953</totalframes>
      <time>00:01:37</time>
      <transitionmediaurl />
    </slide>
    <slide id="33">
      <transition>
      </transition>
      <width>720</width>
      <height>540</height>
      <transitionurl>
      </transitionurl>
      <embeddedsound>
        <audio onclick="false" type="n" repeat="false" startframe="1" duration="1" />
      </embeddedsound>
      <slidenavigation onclick="true" slideadvmode="true" />
      <fileurl>Slides/slide33.swf</fileurl>
      <slideimage height="150" width="200">Images/slide33_200,150.jpg</slideimage>
      <title><![CDATA[Slide 33]]></title>
      <notes><![CDATA[]]></notes>
      <slidetext><![CDATA[Técnica de Teste Estrutural		 Teste baseado na análise da estrutura interna de um componente ou sistema .Onde devemos aplicar essa técnica? Em todos os níveis de teste; Após as técnicas baseadas em especificação;  Técnica do Teste  Profª Cleziana de Freitas Costa  ]]></slidetext>
      <animations>
      </animations>
      <waitforuser>false</waitforuser>
      <totalframes>2172</totalframes>
      <time>00:01:48</time>
      <transitionmediaurl />
    </slide>
    <slide id="34">
      <transition>
      </transition>
      <width>720</width>
      <height>540</height>
      <transitionurl>
      </transitionurl>
      <embeddedsound>
        <audio onclick="false" type="n" repeat="false" startframe="1" duration="1" />
      </embeddedsound>
      <slidenavigation onclick="true" slideadvmode="true" />
      <fileurl>Slides/slide34.swf</fileurl>
      <slideimage height="150" width="200">Images/slide34_200,150.jpg</slideimage>
      <title><![CDATA[Slide 34]]></title>
      <notes><![CDATA[]]></notes>
      <slidetext><![CDATA[Técnica de Teste Funcional		 Técnica baseada em especificação que podem ser utilizadas para derivar as condições de teste e casos de testes a partir da funcionalidade do software ou sistema.Onde devemos aplicar essa técnica? Em todos os níveis de teste;  Técnica do Teste  Profª Cleziana de Freitas Costa  ]]></slidetext>
      <animations>
      </animations>
      <waitforuser>false</waitforuser>
      <totalframes>1650</totalframes>
      <time>00:01:22</time>
      <transitionmediaurl />
    </slide>
    <slide id="35">
      <transition>
      </transition>
      <width>720</width>
      <height>540</height>
      <transitionurl>
      </transitionurl>
      <embeddedsound>
        <audio onclick="false" type="n" repeat="false" startframe="1" duration="1" />
      </embeddedsound>
      <slidenavigation onclick="true" slideadvmode="true" />
      <fileurl>Slides/slide35.swf</fileurl>
      <slideimage height="150" width="200">Images/slide35_200,150.jpg</slideimage>
      <title><![CDATA[Slide 35]]></title>
      <notes><![CDATA[]]></notes>
      <slidetext><![CDATA[Dimensões do teste  Profª Cleziana de Freitas Costa  ]]></slidetext>
      <animations>
      </animations>
      <waitforuser>false</waitforuser>
      <totalframes>298</totalframes>
      <time>00:00:14</time>
      <transitionmediaurl />
    </slide>
    <slide id="36">
      <transition>
      </transition>
      <width>720</width>
      <height>540</height>
      <transitionurl>
      </transitionurl>
      <embeddedsound>
        <audio onclick="false" type="n" repeat="false" startframe="1" duration="1" />
      </embeddedsound>
      <slidenavigation onclick="true" slideadvmode="true" />
      <fileurl>Slides/slide36.swf</fileurl>
      <slideimage height="150" width="200">Images/slide36_200,150.jpg</slideimage>
      <title><![CDATA[Slide 36]]></title>
      <notes><![CDATA[]]></notes>
      <slidetext><![CDATA[O que tenho que testar?		 Fazer uma análise do projeto e informar quais tipos de testes será executado. É uma das mais fortes das três dimensões, mais conhecida como “tipo de teste”.  Metas do Teste  Profª Cleziana de Freitas Costa  ]]></slidetext>
      <animations>
      </animations>
      <waitforuser>false</waitforuser>
      <totalframes>436</totalframes>
      <time>00:00:21</time>
      <transitionmediaurl />
    </slide>
    <slide id="37">
      <transition>
      </transition>
      <width>720</width>
      <height>540</height>
      <transitionurl>
      </transitionurl>
      <embeddedsound>
        <audio onclick="false" type="n" repeat="false" startframe="1" duration="1" />
      </embeddedsound>
      <slidenavigation onclick="true" slideadvmode="true" />
      <fileurl>Slides/slide37.swf</fileurl>
      <slideimage height="150" width="200">Images/slide37_200,150.jpg</slideimage>
      <title><![CDATA[Slide 37]]></title>
      <notes><![CDATA[]]></notes>
      <slidetext><![CDATA[Tipos de Teste aplicados a técnica de Teste Estrutural  Teste de Estresse;Teste de Execução;Teste de Contingência;Teste de Operação;Teste de Conformidade;Teste de Segurança.  Metas do Teste  Profª Cleziana de Freitas Costa  ]]></slidetext>
      <animations>
      </animations>
      <waitforuser>false</waitforuser>
      <totalframes>684</totalframes>
      <time>00:00:34</time>
      <transitionmediaurl />
    </slide>
    <slide id="38">
      <transition>
      </transition>
      <width>720</width>
      <height>540</height>
      <transitionurl>
      </transitionurl>
      <embeddedsound>
        <audio onclick="false" type="n" repeat="false" startframe="1" duration="1" />
      </embeddedsound>
      <slidenavigation onclick="true" slideadvmode="true" />
      <fileurl>Slides/slide38.swf</fileurl>
      <slideimage height="150" width="200">Images/slide38_200,150.jpg</slideimage>
      <title><![CDATA[Slide 38]]></title>
      <notes><![CDATA[]]></notes>
      <slidetext><![CDATA[Tipos de Teste aplicados a Técnica de Teste FuncionalTeste de RequisitosTeste de RegressãoTeste UsabilidadeTeste de IntegraçãoTeste de ControleTeste Paralelo  Metas do Teste  Profª Cleziana de Freitas Costa  ]]></slidetext>
      <animations>
      </animations>
      <waitforuser>false</waitforuser>
      <totalframes>656</totalframes>
      <time>00:00:32</time>
      <transitionmediaurl />
    </slide>
    <slide id="39">
      <transition>
      </transition>
      <width>720</width>
      <height>540</height>
      <transitionurl>
      </transitionurl>
      <embeddedsound>
        <audio onclick="false" type="n" repeat="false" startframe="1" duration="1" />
      </embeddedsound>
      <slidenavigation onclick="true" slideadvmode="true" />
      <fileurl>Slides/slide39.swf</fileurl>
      <slideimage height="150" width="200">Images/slide39_200,150.jpg</slideimage>
      <title><![CDATA[Slide 39]]></title>
      <notes><![CDATA[]]></notes>
      <slidetext><![CDATA[Dimensões do teste  Profª Cleziana de Freitas Costa  ]]></slidetext>
      <animations>
      </animations>
      <waitforuser>false</waitforuser>
      <totalframes>299</totalframes>
      <time>00:00:14</time>
      <transitionmediaurl />
    </slide>
    <slide id="40">
      <transition>
      </transition>
      <width>720</width>
      <height>540</height>
      <transitionurl>
      </transitionurl>
      <embeddedsound>
        <audio onclick="false" type="n" repeat="false" startframe="1" duration="1" />
      </embeddedsound>
      <slidenavigation onclick="true" slideadvmode="true" />
      <fileurl>Slides/slide40.swf</fileurl>
      <slideimage height="150" width="200">Images/slide40_200,150.jpg</slideimage>
      <title><![CDATA[Slide 40]]></title>
      <notes><![CDATA[]]></notes>
      <slidetext><![CDATA[Onde será o teste?		Nessa dimensão definimos o ambiente onde as outras três dimensões irão rodar, observando as evoluções tecnológicas e fazendo um bom planejamento da fase de teste.  Ambiente do Teste  Profª Cleziana de Freitas Costa  ]]></slidetext>
      <animations>
      </animations>
      <waitforuser>false</waitforuser>
      <totalframes>763</totalframes>
      <time>00:00:38</time>
      <transitionmediaurl />
    </slide>
    <slide id="41">
      <transition>
      </transition>
      <width>720</width>
      <height>540</height>
      <transitionurl>
      </transitionurl>
      <embeddedsound>
        <audio onclick="false" type="n" repeat="false" startframe="1" duration="1" />
      </embeddedsound>
      <slidenavigation onclick="true" slideadvmode="true" />
      <fileurl>Slides/slide41.swf</fileurl>
      <slideimage height="150" width="200">Images/slide41_200,150.jpg</slideimage>
      <title><![CDATA[Slide 41]]></title>
      <notes><![CDATA[]]></notes>
      <slidetext><![CDATA[Uma visão do ambiente de teste 		O ambiente é tudo que está “em volta do teste” no mundo real.  Um ambiente de teste é composto por dois grandes grupos:Elementos de apoio:Espaço físico para o trabalho de teste;Equipamentos de apoio ao teste;Ferramentas de apoio, como ferramentas de monitoração;Tecnologias de apoio;Material de apoio, treinamento, etc.Elementos centrais de teste em si:Equipamento disponível para teste;Software e hardware disponíveis para teste;Recursos humanos disponíveis para interagir ou realizar o teste.  Ambiente do Teste  Profª Cleziana de Freitas Costa  ]]></slidetext>
      <animations>
      </animations>
      <waitforuser>false</waitforuser>
      <totalframes>1051</totalframes>
      <time>00:00:52</time>
      <transitionmediaurl />
    </slide>
    <slide id="42">
      <transition>
      </transition>
      <width>720</width>
      <height>540</height>
      <transitionurl>
      </transitionurl>
      <embeddedsound>
        <audio onclick="false" type="n" repeat="false" startframe="1" duration="1" />
      </embeddedsound>
      <slidenavigation onclick="true" slideadvmode="true" />
      <fileurl>Slides/slide42.swf</fileurl>
      <slideimage height="150" width="200">Images/slide42_200,150.jpg</slideimage>
      <title><![CDATA[Slide 42]]></title>
      <notes><![CDATA[42]]></notes>
      <slidetext><![CDATA[MBA em Engenharia de Software à Distância Testes de Software - Leonardo Molinari; Base de Conhecimentos em Teste de Software – Anderson BASTOS Emerson  RIOS, Ricardo CRISTALLI, Trayahu MOREIRA; Glossário – BSTQB.  Profª Cleziana de Freitas Costa  ]]></slidetext>
      <animations>
      </animations>
      <waitforuser>false</waitforuser>
      <totalframes>362</totalframes>
      <time>00:00:18</time>
      <transitionmediaurl />
    </slide>
    <slide id="43">
      <transition>
      </transition>
      <width>720</width>
      <height>540</height>
      <transitionurl>
      </transitionurl>
      <embeddedsound>
        <audio onclick="false" type="n" repeat="false" startframe="1" duration="1" />
      </embeddedsound>
      <slidenavigation onclick="true" slideadvmode="true" />
      <fileurl>Slides/slide43.swf</fileurl>
      <slideimage height="150" width="200">Images/slide43_200,150.jpg</slideimage>
      <title><![CDATA[Slide 43]]></title>
      <notes><![CDATA[]]></notes>
      <slidetext><![CDATA[Parabéns!Até a próxima aula!  MBA em Engenharia de Software à Distância  Profª Cleziana de Freitas Costa  ]]></slidetext>
      <animations>
      </animations>
      <waitforuser>false</waitforuser>
      <totalframes>555</totalframes>
      <time>00:00:27</time>
      <transitionmediaurl />
    </slide>
  </slides>
</presentation>