﻿<?xml version="1.0" encoding="UTF-8"?>
<root>
  <slide transition="" id="1" frame="0" swidth="720" sheight="540" title="Slide 1" totalframes="412" path="slide1.swf" name="slide1.swf" />
  <slide transition="" id="2" frame="0" swidth="720" sheight="540" title="Slide 2" totalframes="596" path="slide2.swf" name="slide2.swf" />
  <slide transition="" id="3" frame="0" swidth="720" sheight="540" title="Slide 3" totalframes="559" path="slide3.swf" name="slide3.swf" />
  <slide transition="" id="4" frame="0" swidth="720" sheight="540" title="Slide 4" totalframes="533" path="slide4.swf" name="slide4.swf" />
  <slide transition="" id="5" frame="0" swidth="720" sheight="540" title="Slide 5" totalframes="289" path="slide5.swf" name="slide5.swf" />
  <slide transition="" id="6" frame="0" swidth="720" sheight="540" title="Slide 6" totalframes="457" path="slide6.swf" name="slide6.swf" />
  <slide transition="" id="7" frame="0" swidth="720" sheight="540" title="Slide 7" totalframes="727" path="slide7.swf" name="slide7.swf" />
  <slide transition="" id="8" frame="0" swidth="720" sheight="540" title="Slide 8" totalframes="597" path="slide8.swf" name="slide8.swf" />
  <slide transition="" id="9" frame="0" swidth="720" sheight="540" title="Slide 9" totalframes="209" path="slide9.swf" name="slide9.swf" />
  <slide transition="" id="10" frame="0" swidth="720" sheight="540" title="Slide 10" totalframes="457" path="slide10.swf" name="slide10.swf" />
  <slide transition="" id="11" frame="0" swidth="720" sheight="540" title="Slide 11" totalframes="549" path="slide11.swf" name="slide11.swf" />
  <slide transition="" id="12" frame="0" swidth="720" sheight="540" title="Slide 12" totalframes="1839" path="slide12.swf" name="slide12.swf" />
  <slide transition="" id="13" frame="0" swidth="720" sheight="540" title="Slide 13" totalframes="625" path="slide13.swf" name="slide13.swf" />
  <slide transition="" id="14" frame="0" swidth="720" sheight="540" title="Slide 14" totalframes="1899" path="slide14.swf" name="slide14.swf" />
  <slide transition="" id="15" frame="0" swidth="720" sheight="540" title="Slide 15" totalframes="532" path="slide15.swf" name="slide15.swf" />
  <slide transition="" id="16" frame="0" swidth="720" sheight="540" title="Slide 16" totalframes="616" path="slide16.swf" name="slide16.swf" />
  <slide transition="" id="17" frame="0" swidth="720" sheight="540" title="Slide 17" totalframes="641" path="slide17.swf" name="slide17.swf" />
  <slide transition="" id="18" frame="0" swidth="720" sheight="540" title="Slide 18" totalframes="633" path="slide18.swf" name="slide18.swf" />
  <slide transition="" id="19" frame="0" swidth="720" sheight="540" title="Slide 19" totalframes="474" path="slide19.swf" name="slide19.swf" />
</root>