﻿<?xml version="1.0" encoding="UTF-8"?>
<presentation>
  <properties>
    <title><![CDATA[Aula06]]></title>
    <creationdate>26/07/2012 21:08:37</creationdate>
    <audio>on</audio>
    <navigationonclick>false</navigationonclick>
    <animations>true</animations>
    <transitions>false</transitions>
    <sdkversion>07</sdkversion>
    <release>1.1</release>
    <soundacrossslides>false</soundacrossslides>
    <defaulturl>Slides/default_0.swf</defaulturl>
    <video>
    </video>
    <templatecolor>Silver</templatecolor>
    <layout>E-Learning Standard</layout>
    <presentertitle><![CDATA[]]></presentertitle>
    <presentername><![CDATA[]]></presentername>
    <presentercompany><![CDATA[]]></presentercompany>
    <presenteremail><![CDATA[]]></presenteremail>
    <presentationtitle>Aula06</presentationtitle>
    <powerpointfile>Aula06.ppt</powerpointfile>
    <presentationdescription><![CDATA[]]></presentationdescription>
    <presentationkeywords>
    </presentationkeywords>
    <audioquality>Medium</audioquality>
    <imagequality>9</imagequality>
    <showslidenotesinoutput>True</showslidenotesinoutput>
    <usenarrations>True</usenarrations>
  </properties>
  <slides>
    <slide id="1">
      <transition>
      </transition>
      <width>720</width>
      <height>540</height>
      <transitionurl>
      </transitionurl>
      <embeddedsound />
      <slidenavigation onclick="true" slideadvmode="true" />
      <fileurl>Slides/slide1.swf</fileurl>
      <slideimage height="150" width="200">Images/slide1_200,150.jpg</slideimage>
      <title><![CDATA[Slide 1]]></title>
      <notes><![CDATA[]]></notes>
      <slidetext><![CDATA[Disciplina: Análise e Projeto Orientado a Objetos: UML  Professora MSc. Edna Dias Canedoedna.canedo@gmail.com  MBA em Engenharia de Software a Distância  ]]></slidetext>
      <waitforuser>false</waitforuser>
      <totalframes>481</totalframes>
      <time>00:00:24</time>
      <transitionmediaurl />
    </slide>
    <slide id="2">
      <transition>
      </transition>
      <width>720</width>
      <height>540</height>
      <transitionurl>
      </transitionurl>
      <embeddedsound>
        <audio onclick="false" type="n" repeat="false" startframe="1" duration="1" />
      </embeddedsound>
      <slidenavigation onclick="true" slideadvmode="true" />
      <fileurl>Slides/slide2.swf</fileurl>
      <slideimage height="150" width="200">Images/slide2_200,150.jpg</slideimage>
      <title><![CDATA[Slide 2]]></title>
      <notes><![CDATA[2]]></notes>
      <slidetext><![CDATA[2  Modelagem de InteraçõesO objetivo dos modelos vistos até agora é fornecer um entendimento do problema correspondente ao SSOO a ser desenvolvido.Entretanto, esses modelos deixam algumas perguntas sem respostas.No modelo de casos de uso:Quais são as operações que devem ser executadas internamente ao sistema?  MBA em Engenharia de Software a Distância  ]]></slidetext>
      <animations>
      </animations>
      <waitforuser>false</waitforuser>
      <totalframes>581</totalframes>
      <time>00:00:29</time>
      <transitionmediaurl />
    </slide>
    <slide id="3">
      <transition>
      </transition>
      <width>720</width>
      <height>540</height>
      <transitionurl>
      </transitionurl>
      <embeddedsound>
        <audio onclick="false" type="n" repeat="false" startframe="1" duration="1" />
      </embeddedsound>
      <slidenavigation onclick="true" slideadvmode="true" />
      <fileurl>Slides/slide3.swf</fileurl>
      <slideimage height="150" width="200">Images/slide3_200,150.jpg</slideimage>
      <title><![CDATA[Slide 3]]></title>
      <notes><![CDATA[3]]></notes>
      <slidetext><![CDATA[3  A que classes estas operações pertencem?Quais objetos participam da realização deste caso de uso?No modelo de classes de análise:De que forma os objetos colaboram para que um determinado caso de uso seja realizado?Em que ordem as mensagens são enviadas durante esta realização?Que informações precisam ser enviadas em uma mensagem de um objeto a outro?  MBA em Engenharia de Software a Distância  ]]></slidetext>
      <animations>
      </animations>
      <waitforuser>false</waitforuser>
      <totalframes>596</totalframes>
      <time>00:00:29</time>
      <transitionmediaurl />
    </slide>
    <slide id="4">
      <transition>
      </transition>
      <width>720</width>
      <height>540</height>
      <transitionurl>
      </transitionurl>
      <embeddedsound>
        <audio onclick="false" type="n" repeat="false" startframe="1" duration="1" />
      </embeddedsound>
      <slidenavigation onclick="true" slideadvmode="true" />
      <fileurl>Slides/slide4.swf</fileurl>
      <slideimage height="150" width="200">Images/slide4_200,150.jpg</slideimage>
      <title><![CDATA[Slide 4]]></title>
      <notes><![CDATA[4]]></notes>
      <slidetext><![CDATA[Será que há responsabilidades ou mesmo classes que ainda não foram identificadas?Sessões CRC pode ajudar a identificar quais são as responsabilidades de cada objeto e com que outros objetos ele precisa colaborar.Mas sessões CRC não fornecem um modo de documentar essas interações.Para responder às questões anteriores, o modelo de interações deve ser criado.  4  MBA em Engenharia de Software a Distância  ]]></slidetext>
      <animations>
      </animations>
      <waitforuser>false</waitforuser>
      <totalframes>600</totalframes>
      <time>00:00:30</time>
      <transitionmediaurl />
    </slide>
    <slide id="5">
      <transition>
      </transition>
      <width>720</width>
      <height>540</height>
      <transitionurl>
      </transitionurl>
      <embeddedsound>
        <audio onclick="false" type="n" repeat="false" startframe="1" duration="1" />
      </embeddedsound>
      <slidenavigation onclick="true" slideadvmode="true" />
      <fileurl>Slides/slide5.swf</fileurl>
      <slideimage height="150" width="200">Images/slide5_200,150.jpg</slideimage>
      <title><![CDATA[Slide 5]]></title>
      <notes><![CDATA[5]]></notes>
      <slidetext><![CDATA[Esse modelo representa mensagens trocadas entre objetos para a execução de cenários dos casos de uso do sistema.A construção dos diagramas de interação é uma consolidação do entendimento dos aspectos dinâmicos do sistema, iniciado nas sessões CRC.A modelagem de interações é uma parte da modelagem dinâmica de um SSOO.  5  MBA em Engenharia de Software a Distância  ]]></slidetext>
      <animations>
      </animations>
      <waitforuser>false</waitforuser>
      <totalframes>1070</totalframes>
      <time>00:00:53</time>
      <transitionmediaurl />
    </slide>
    <slide id="6">
      <transition>
      </transition>
      <width>720</width>
      <height>540</height>
      <transitionurl>
      </transitionurl>
      <embeddedsound>
        <audio onclick="false" type="n" repeat="false" startframe="1" duration="1" />
      </embeddedsound>
      <slidenavigation onclick="true" slideadvmode="true" />
      <fileurl>Slides/slide6.swf</fileurl>
      <slideimage height="150" width="200">Images/slide6_200,150.jpg</slideimage>
      <title><![CDATA[Slide 6]]></title>
      <notes><![CDATA[]]></notes>
      <slidetext><![CDATA[Os objetivos da construção do modelo de interação são:Obter informações adicionais para completar e aprimorar outros modelos (principalmente o modelo de classes)Fornecer aos programadores uma visão detalhada dos objetos e mensagens envolvidos na realização dos casos de uso.  6  MBA em Engenharia de Software a Distância  ]]></slidetext>
      <animations>
      </animations>
      <waitforuser>false</waitforuser>
      <totalframes>803</totalframes>
      <time>00:00:40</time>
      <transitionmediaurl />
    </slide>
    <slide id="7">
      <transition>
      </transition>
      <width>720</width>
      <height>540</height>
      <transitionurl>
      </transitionurl>
      <embeddedsound>
        <audio onclick="false" type="n" repeat="false" startframe="1" duration="1" />
      </embeddedsound>
      <slidenavigation onclick="true" slideadvmode="true" />
      <fileurl>Slides/slide7.swf</fileurl>
      <slideimage height="150" width="200">Images/slide7_200,150.jpg</slideimage>
      <title><![CDATA[Slide 7]]></title>
      <notes><![CDATA[7Para que um objeto realize alguma tarefa, deve haver um estímulo enviado a este objeto.Independentemente da origem do estímulo, quando este ocorre, diz-se que o objeto destinatário está recebendo uma mensagem.“Objetos de um sistema trocam mensagens”isto significa que objetos enviam mensagens uns aos outros com o objetivo de realizar alguma tarefa dentro do sistema no qual estão inseridos.]]></notes>
      <slidetext><![CDATA[7  MensagemO conceito básico da interação entre objetos é a mensagem.Um sistema OO é uma rede de objetos que trocam mensagens.Funcionalidades são realizadas pelos objetos, que só podem interagir através de mensagens.  MBA em Engenharia de Software a Distância  ]]></slidetext>
      <animations>
      </animations>
      <waitforuser>false</waitforuser>
      <totalframes>760</totalframes>
      <time>00:00:38</time>
      <transitionmediaurl />
    </slide>
    <slide id="8">
      <transition>
      </transition>
      <width>720</width>
      <height>540</height>
      <transitionurl>
      </transitionurl>
      <embeddedsound>
        <audio onclick="false" type="n" repeat="false" startframe="1" duration="1" />
      </embeddedsound>
      <slidenavigation onclick="true" slideadvmode="true" />
      <fileurl>Slides/slide8.swf</fileurl>
      <slideimage height="150" width="200">Images/slide8_200,150.jpg</slideimage>
      <title><![CDATA[Slide 8]]></title>
      <notes><![CDATA[8Para que um objeto realize alguma tarefa, deve haver um estímulo enviado a este objeto.Independentemente da origem do estímulo, quando este ocorre, diz-se que o objeto destinatário está recebendo uma mensagem.“Objetos de um sistema trocam mensagens”isto significa que objetos enviam mensagens uns aos outros com o objetivo de realizar alguma tarefa dentro do sistema no qual estão inseridos.]]></notes>
      <slidetext><![CDATA[8  Um objeto envia uma mensagem para outro objeto quando o primeiro deseja que o segundo realize alguma tarefa.O fato de um objeto “precisar de ajuda” indica a necessidade de este enviar mensagens. Na construção de diagramas de interação, mensagens de um objeto a outro implicam em operações que classes devem ter.  MBA em Engenharia de Software a Distância  ]]></slidetext>
      <animations>
      </animations>
      <waitforuser>false</waitforuser>
      <totalframes>581</totalframes>
      <time>00:00:29</time>
      <transitionmediaurl />
    </slide>
    <slide id="9">
      <transition>
      </transition>
      <width>720</width>
      <height>540</height>
      <transitionurl>
      </transitionurl>
      <embeddedsound>
        <audio onclick="false" type="n" repeat="false" startframe="1" duration="1" />
      </embeddedsound>
      <slidenavigation onclick="true" slideadvmode="true" />
      <fileurl>Slides/slide9.swf</fileurl>
      <slideimage height="150" width="200">Images/slide9_200,150.jpg</slideimage>
      <title><![CDATA[Slide 9]]></title>
      <notes><![CDATA[9Para que um objeto realize alguma tarefa, deve haver um estímulo enviado a este objeto.Independentemente da origem do estímulo, quando este ocorre, diz-se que o objeto destinatário está recebendo uma mensagem.“Objetos de um sistema trocam mensagens”isto significa que objetos enviam mensagens uns aos outros com o objetivo de realizar alguma tarefa dentro do sistema no qual estão inseridos.]]></notes>
      <slidetext><![CDATA[9  Um objeto envia uma mensagem para outro objeto quando o primeiro deseja que o segundo realize alguma tarefa.O fato de um objeto “precisar de ajuda” indica a necessidade de este enviar mensagens. Na construção de diagramas de interação, mensagens de um objeto a outro implicam em operações que classes devem ter.  MBA em Engenharia de Software a Distância  ]]></slidetext>
      <animations>
      </animations>
      <waitforuser>false</waitforuser>
      <totalframes>26</totalframes>
      <time>00:00:01</time>
      <transitionmediaurl />
    </slide>
    <slide id="10">
      <transition>
      </transition>
      <width>720</width>
      <height>540</height>
      <transitionurl>
      </transitionurl>
      <embeddedsound>
        <audio onclick="false" type="n" repeat="false" startframe="1" duration="1" />
      </embeddedsound>
      <slidenavigation onclick="true" slideadvmode="true" />
      <fileurl>Slides/slide10.swf</fileurl>
      <slideimage height="150" width="200">Images/slide10_200,150.jpg</slideimage>
      <title><![CDATA[Slide 10]]></title>
      <notes><![CDATA[]]></notes>
      <slidetext><![CDATA[Mensagens versus responsabilidadesQual o objetivo da construção dos diagramas de interação?Identificar mensagens e, em última análise, responsabilidades (operações e atributos)  10  MBA em Engenharia de Software a Distância  ]]></slidetext>
      <animations>
      </animations>
      <waitforuser>false</waitforuser>
      <totalframes>379</totalframes>
      <time>00:00:18</time>
      <transitionmediaurl />
    </slide>
    <slide id="11">
      <transition>
      </transition>
      <width>720</width>
      <height>540</height>
      <transitionurl>
      </transitionurl>
      <embeddedsound>
        <audio onclick="false" type="n" repeat="false" startframe="1" duration="1" />
      </embeddedsound>
      <slidenavigation onclick="true" slideadvmode="true" />
      <fileurl>Slides/slide11.swf</fileurl>
      <slideimage height="150" width="200">Images/slide11_200,150.jpg</slideimage>
      <title><![CDATA[Slide 11]]></title>
      <notes><![CDATA[]]></notes>
      <slidetext><![CDATA[11  MBA em Engenharia de Software a Distância  ]]></slidetext>
      <animations>
      </animations>
      <waitforuser>false</waitforuser>
      <totalframes>870</totalframes>
      <time>00:00:43</time>
      <transitionmediaurl />
    </slide>
    <slide id="12">
      <transition>
      </transition>
      <width>720</width>
      <height>540</height>
      <transitionurl>
      </transitionurl>
      <embeddedsound>
        <audio onclick="false" type="n" repeat="false" startframe="1" duration="1" />
      </embeddedsound>
      <slidenavigation onclick="true" slideadvmode="true" />
      <fileurl>Slides/slide12.swf</fileurl>
      <slideimage height="150" width="200">Images/slide12_200,150.jpg</slideimage>
      <title><![CDATA[Slide 12]]></title>
      <notes><![CDATA[12Um DI mostra objetos relevantes para a realização de um cenário de caso de uso.Esses objetos podem ser nomeados ou anônimos.O uso do nome depende da necessidade.Se for preciso fazer referência ao objeto, é necessário dar um nome a ele.Sublinhado pode não ser utilizado.]]></notes>
      <slidetext><![CDATA[12  Notação para objetosObjetos são representados em um diagrama de interação utilizando-se a mesma notação do diagrama de objetos.Pode-se representar objetos anônimos ou objetos nomeados, dependendo da situação.Elementos de uma coleção também podem ser representados.Classes também podem ser representadas.  MBA em Engenharia de Software a Distância  ]]></slidetext>
      <animations>
      </animations>
      <waitforuser>false</waitforuser>
      <totalframes>909</totalframes>
      <time>00:00:45</time>
      <transitionmediaurl />
    </slide>
    <slide id="13">
      <transition>
      </transition>
      <width>720</width>
      <height>540</height>
      <transitionurl>
      </transitionurl>
      <embeddedsound>
        <audio onclick="false" type="n" repeat="false" startframe="1" duration="1" />
      </embeddedsound>
      <slidenavigation onclick="true" slideadvmode="true" />
      <fileurl>Slides/slide13.swf</fileurl>
      <slideimage height="150" width="200">Images/slide13_200,150.jpg</slideimage>
      <title><![CDATA[Slide 13]]></title>
      <notes><![CDATA[13Um DI mostra objetos relevantes para a realização de um cenário de caso de uso.Esses objetos podem ser nomeados ou anônimos.O uso do nome depende da necessidade.Se for preciso fazer referência ao objeto, é necessário dar um nome a ele.Sublinhado pode não ser utilizado.]]></notes>
      <slidetext><![CDATA[13  Uma mensagem para uma classe dispara a execução de uma operação estática. A representação de uma classe em um diagrama de sequência é a mesma utilizada para objetos, porém o nome da classe não é sublinhado  MBA em Engenharia de Software a Distância  ]]></slidetext>
      <animations>
      </animations>
      <waitforuser>false</waitforuser>
      <totalframes>389</totalframes>
      <time>00:00:19</time>
      <transitionmediaurl />
    </slide>
    <slide id="14">
      <transition>
      </transition>
      <width>720</width>
      <height>540</height>
      <transitionurl>
      </transitionurl>
      <embeddedsound>
        <audio onclick="false" type="n" repeat="false" startframe="1" duration="1" />
      </embeddedsound>
      <slidenavigation onclick="true" slideadvmode="true" />
      <fileurl>Slides/slide14.swf</fileurl>
      <slideimage height="150" width="200">Images/slide14_200,150.jpg</slideimage>
      <title><![CDATA[Slide 14]]></title>
      <notes><![CDATA[14Um DI mostra objetos relevantes para a realização de um cenário de caso de uso.Esses objetos podem ser nomeados ou anônimos.O uso do nome depende da necessidade.Se for preciso fazer referência ao objeto, é necessário dar um nome a ele.Sublinhado pode não ser utilizado.]]></notes>
      <slidetext><![CDATA[14  MBA em Engenharia de Software a Distância  ]]></slidetext>
      <animations>
      </animations>
      <waitforuser>false</waitforuser>
      <totalframes>979</totalframes>
      <time>00:00:48</time>
      <transitionmediaurl />
    </slide>
    <slide id="15">
      <transition>
      </transition>
      <width>720</width>
      <height>540</height>
      <transitionurl>
      </transitionurl>
      <embeddedsound>
        <audio onclick="false" type="n" repeat="false" startframe="1" duration="1" />
      </embeddedsound>
      <slidenavigation onclick="true" slideadvmode="true" />
      <fileurl>Slides/slide15.swf</fileurl>
      <slideimage height="150" width="200">Images/slide15_200,150.jpg</slideimage>
      <title><![CDATA[Slide 15]]></title>
      <notes><![CDATA[15]]></notes>
      <slidetext><![CDATA[MultiobjetosUm multiobjeto é o nome que a UML dá para uma coleção de objetos de uma mesma classe. Pode ser utilizado para:representar o lado muitos de uma associação de conectividade um para muitos.representar uma lista (temporária ou não) de objetos sendo formada em uma colaboração.  15  MBA em Engenharia de Software a Distância  ]]></slidetext>
      <animations>
      </animations>
      <waitforuser>false</waitforuser>
      <totalframes>571</totalframes>
      <time>00:00:28</time>
      <transitionmediaurl />
    </slide>
    <slide id="16">
      <transition>
      </transition>
      <width>720</width>
      <height>540</height>
      <transitionurl>
      </transitionurl>
      <embeddedsound>
        <audio onclick="false" type="n" repeat="false" startframe="1" duration="1" />
      </embeddedsound>
      <slidenavigation onclick="true" slideadvmode="true" />
      <fileurl>Slides/slide16.swf</fileurl>
      <slideimage height="150" width="200">Images/slide16_200,150.jpg</slideimage>
      <title><![CDATA[Slide 16]]></title>
      <notes><![CDATA[16]]></notes>
      <slidetext><![CDATA[Um multiobjeto é representado na UML através de dois retângulos superpostos.A superposição dos retângulos evita a confusão com a notação usada para objetos.O nome do multiobjeto é apresentado no retângulo que fica por cima e segue a mesma nomenclatura utilizada para objetos.Convenção: usar o nome da classe de seus elementos para nomear o multiobjeto.  16  MBA em Engenharia de Software a Distância  ]]></slidetext>
      <animations>
      </animations>
      <waitforuser>false</waitforuser>
      <totalframes>634</totalframes>
      <time>00:00:31</time>
      <transitionmediaurl />
    </slide>
    <slide id="17">
      <transition>
      </transition>
      <width>720</width>
      <height>540</height>
      <transitionurl>
      </transitionurl>
      <embeddedsound>
        <audio onclick="false" type="n" repeat="false" startframe="1" duration="1" />
      </embeddedsound>
      <slidenavigation onclick="true" slideadvmode="true" />
      <fileurl>Slides/slide17.swf</fileurl>
      <slideimage height="150" width="200">Images/slide17_200,150.jpg</slideimage>
      <title><![CDATA[Slide 17]]></title>
      <notes><![CDATA[17Algumas ferramentas CASE não possuem a notação para multiobjetos. Nesses casos, pode-se utilizar a notação comum para objetos e o estereótipo multiobject.Seu nome é apresentado no retângulo superior e segue a mesma nomenclatura utilizada para objetos.Convenção: usar o mesmo nome da classe dos objetos componentes para nomear a coleção. A superposição dos retângulos evita a confusão.]]></notes>
      <slidetext><![CDATA[17  MBA em Engenharia de Software a Distância  ]]></slidetext>
      <animations>
        <animation id="1" onclick="true" frame="277" duration="286" />
      </animations>
      <waitforuser>false</waitforuser>
      <totalframes>316</totalframes>
      <time>00:00:15</time>
      <transitionmediaurl />
    </slide>
    <slide id="18">
      <transition>
      </transition>
      <width>720</width>
      <height>540</height>
      <transitionurl>
      </transitionurl>
      <embeddedsound>
        <audio onclick="false" type="n" repeat="false" startframe="1" duration="1" />
      </embeddedsound>
      <slidenavigation onclick="true" slideadvmode="true" />
      <fileurl>Slides/slide18.swf</fileurl>
      <slideimage height="150" width="200">Images/slide18_200,150.jpg</slideimage>
      <title><![CDATA[Slide 18]]></title>
      <notes><![CDATA[]]></notes>
      <slidetext><![CDATA[Mensagens para Objetos/ColeçãoUma mensagem pode ser enviada para um multiobjeto, ou pode ser enviada para um único objeto (elemento) do multiobjeto.Quando o símbolo de iteração não é usado, convenciona-se que a mensagem está sendo enviada para o próprio multiobjeto.  18  MBA em Engenharia de Software a Distância  ]]></slidetext>
      <animations>
      </animations>
      <waitforuser>false</waitforuser>
      <totalframes>489</totalframes>
      <time>00:00:24</time>
      <transitionmediaurl />
    </slide>
    <slide id="19">
      <transition>
      </transition>
      <width>720</width>
      <height>540</height>
      <transitionurl>
      </transitionurl>
      <embeddedsound>
        <audio onclick="false" type="n" repeat="false" startframe="1" duration="1" />
      </embeddedsound>
      <slidenavigation onclick="true" slideadvmode="true" />
      <fileurl>Slides/slide19.swf</fileurl>
      <slideimage height="150" width="200">Images/slide19_200,150.jpg</slideimage>
      <title><![CDATA[Slide 19]]></title>
      <notes><![CDATA[]]></notes>
      <slidetext><![CDATA[19  MBA em Engenharia de Software a Distância  ]]></slidetext>
      <animations>
      </animations>
      <waitforuser>false</waitforuser>
      <totalframes>678</totalframes>
      <time>00:00:33</time>
      <transitionmediaurl />
    </slide>
    <slide id="20">
      <transition>
      </transition>
      <width>720</width>
      <height>540</height>
      <transitionurl>
      </transitionurl>
      <embeddedsound>
        <audio onclick="false" type="n" repeat="false" startframe="1" duration="1" />
      </embeddedsound>
      <slidenavigation onclick="true" slideadvmode="true" />
      <fileurl>Slides/slide20.swf</fileurl>
      <slideimage height="150" width="200">Images/slide20_200,150.jpg</slideimage>
      <title><![CDATA[Slide 20]]></title>
      <notes><![CDATA[]]></notes>
      <slidetext><![CDATA[20  Implementação de multiobjetosMultiobjetos são normalmente implementados através de alguma estrutura de dados que manipule uma coleção de objetos.Portanto, algumas mensagens típicas que podemos esperar que um multiobjeto aceite são as seguintes: Posicionar o cursor da coleção no primeiro elemento.  MBA em Engenharia de Software a Distância  ]]></slidetext>
      <animations>
      </animations>
      <waitforuser>false</waitforuser>
      <totalframes>558</totalframes>
      <time>00:00:27</time>
      <transitionmediaurl />
    </slide>
    <slide id="21">
      <transition>
      </transition>
      <width>720</width>
      <height>540</height>
      <transitionurl>
      </transitionurl>
      <embeddedsound>
        <audio onclick="false" type="n" repeat="false" startframe="1" duration="1" />
      </embeddedsound>
      <slidenavigation onclick="true" slideadvmode="true" />
      <fileurl>Slides/slide21.swf</fileurl>
      <slideimage height="150" width="200">Images/slide21_200,150.jpg</slideimage>
      <title><![CDATA[Slide 21]]></title>
      <notes><![CDATA[]]></notes>
      <slidetext><![CDATA[21  Retornar o i-ésimo objeto da coleção.Retornar o próximo objeto da coleção.Encontrar um objeto de acordo com um identificador único.Adicionar um objeto na coleção.Remover um objeto na coleção.Obter a quantidade de objetos na coleção.Retornar um valor lógico que indica se há mais objetos a serem considerados.  MBA em Engenharia de Software a Distância  ]]></slidetext>
      <animations>
      </animations>
      <waitforuser>false</waitforuser>
      <totalframes>698</totalframes>
      <time>00:00:34</time>
      <transitionmediaurl />
    </slide>
    <slide id="22">
      <transition>
      </transition>
      <width>720</width>
      <height>540</height>
      <transitionurl>
      </transitionurl>
      <embeddedsound>
        <audio onclick="false" type="n" repeat="false" startframe="1" duration="1" />
      </embeddedsound>
      <slidenavigation onclick="true" slideadvmode="true" />
      <fileurl>Slides/slide22.swf</fileurl>
      <slideimage height="150" width="200">Images/slide22_200,150.jpg</slideimage>
      <title><![CDATA[Slide 22]]></title>
      <notes><![CDATA[22Diagrama de sequência:Exibe as mensagens ordenadas no tempo.A visualização fica dificultada conforme o número de objetos cresce (disposição em uma dimensão).Diagrama de comunicação:Exibe mensagens enfatizando relacionamentos.Melhor utilização do espaço (disposição em duas dimensões).Mais adequado para profissionais que estão acostumados à sessões CRC.Como o diagrama de sequência e de comunicação são equivalentes, a escolha por um ou outro é mais questão de gosto.Ferramentas CASE: transformação automaticamente.]]></notes>
      <slidetext><![CDATA[Tipos de diagrama de interação Há três tipos de diagrama de interação na UML Diagrama de sequência Diagrama de comunicação Diagrama de visão geral da interação  22  MBA em Engenharia de Software a Distância  ]]></slidetext>
      <animations>
      </animations>
      <waitforuser>false</waitforuser>
      <totalframes>1167</totalframes>
      <time>00:00:58</time>
      <transitionmediaurl />
    </slide>
    <slide id="23">
      <transition>
      </transition>
      <width>720</width>
      <height>540</height>
      <transitionurl>
      </transitionurl>
      <embeddedsound>
        <audio onclick="false" type="n" repeat="false" startframe="1" duration="1" />
      </embeddedsound>
      <slidenavigation onclick="true" slideadvmode="true" />
      <fileurl>Slides/slide23.swf</fileurl>
      <slideimage height="150" width="200">Images/slide23_200,150.jpg</slideimage>
      <title><![CDATA[Slide 23]]></title>
      <notes><![CDATA[23A invocação de um método por um objeto é exibida no diagrama por uma seta rotulada. O rótulo desta seta segue a sintaxe para definição de mensagens. Na fase de análise, esta seta pode apenas conter uma descrição da operação cuja execução é solicitada.O período de tempo no qual um objeto está executando um método que lhe foi requisitado é denominado ativação.]]></notes>
      <slidetext><![CDATA[Diagrama de sequênciaOs objetos participantes da interação são organizados na horizontal.Abaixo de cada objeto existe uma linha (linha de vida)Cada linha de vida possui o seu foco de controle.  23  MBA em Engenharia de Software a Distância  ]]></slidetext>
      <animations>
      </animations>
      <waitforuser>false</waitforuser>
      <totalframes>458</totalframes>
      <time>00:00:22</time>
      <transitionmediaurl />
    </slide>
    <slide id="24">
      <transition>
      </transition>
      <width>720</width>
      <height>540</height>
      <transitionurl>
      </transitionurl>
      <embeddedsound>
        <audio onclick="false" type="n" repeat="false" startframe="1" duration="1" />
      </embeddedsound>
      <slidenavigation onclick="true" slideadvmode="true" />
      <fileurl>Slides/slide24.swf</fileurl>
      <slideimage height="150" width="200">Images/slide24_200,150.jpg</slideimage>
      <title><![CDATA[Slide 24]]></title>
      <notes><![CDATA[24A invocação de um método por um objeto é exibida no diagrama por uma seta rotulada. O rótulo desta seta segue a sintaxe para definição de mensagens. Na fase de análise, esta seta pode apenas conter uma descrição da operação cuja execução é solicitada.O período de tempo no qual um objeto está executando um método que lhe foi requisitado é denominado ativação.]]></notes>
      <slidetext><![CDATA[Quando o objeto está fazendo algo.As mensagens entre objetos são representadas com linhas horizontais rotuladas partindo da linha de vida do objeto remetente e chegando a linha de vida do objeto receptor.A posição vertical das mensagens permite deduzir a ordem na qual elas são enviadas.  24  MBA em Engenharia de Software a Distância  ]]></slidetext>
      <animations>
      </animations>
      <waitforuser>false</waitforuser>
      <totalframes>488</totalframes>
      <time>00:00:24</time>
      <transitionmediaurl />
    </slide>
    <slide id="25">
      <transition>
      </transition>
      <width>720</width>
      <height>540</height>
      <transitionurl>
      </transitionurl>
      <embeddedsound>
        <audio onclick="false" type="n" repeat="false" startframe="1" duration="1" />
      </embeddedsound>
      <slidenavigation onclick="true" slideadvmode="true" />
      <fileurl>Slides/slide25.swf</fileurl>
      <slideimage height="150" width="200">Images/slide25_200,150.jpg</slideimage>
      <title><![CDATA[Slide 25]]></title>
      <notes><![CDATA[25A invocação de um método por um objeto é exibida no diagrama por uma seta rotulada. O rótulo desta seta segue a sintaxe para definição de mensagens. Na fase de análise, esta seta pode apenas conter uma descrição da operação cuja execução é solicitada.O período de tempo no qual um objeto está executando um método que lhe foi requisitado é denominado ativação.]]></notes>
      <slidetext><![CDATA[Ordem de envio de mensagens em um diagrama de sequência pode ser deduzida a partir das expressões de sequência.Criação e destruição de objetos podem ser representadas.  25  MBA em Engenharia de Software a Distância  ]]></slidetext>
      <animations>
      </animations>
      <waitforuser>false</waitforuser>
      <totalframes>336</totalframes>
      <time>00:00:16</time>
      <transitionmediaurl />
    </slide>
    <slide id="26">
      <transition>
      </transition>
      <width>720</width>
      <height>540</height>
      <transitionurl>
      </transitionurl>
      <embeddedsound>
        <audio onclick="false" type="n" repeat="false" startframe="1" duration="1" />
      </embeddedsound>
      <slidenavigation onclick="true" slideadvmode="true" />
      <fileurl>Slides/slide26.swf</fileurl>
      <slideimage height="150" width="200">Images/slide26_200,150.jpg</slideimage>
      <title><![CDATA[Slide 26]]></title>
      <notes><![CDATA[]]></notes>
      <slidetext><![CDATA[Elementos básicos em um diagrama de sequência:AtoresObjetos, multiobjetos e classesMensagensLinhas de vida e focos de controleCriação e destruição de objetosIterações  26  MBA em Engenharia de Software a Distância  ]]></slidetext>
      <animations>
      </animations>
      <waitforuser>false</waitforuser>
      <totalframes>488</totalframes>
      <time>00:00:24</time>
      <transitionmediaurl />
    </slide>
    <slide id="27">
      <transition>
      </transition>
      <width>720</width>
      <height>540</height>
      <transitionurl>
      </transitionurl>
      <embeddedsound>
        <audio onclick="false" type="n" repeat="false" startframe="1" duration="1" />
      </embeddedsound>
      <slidenavigation onclick="true" slideadvmode="true" />
      <fileurl>Slides/slide27.swf</fileurl>
      <slideimage height="150" width="200">Images/slide27_200,150.jpg</slideimage>
      <title><![CDATA[Slide 27]]></title>
      <notes><![CDATA[]]></notes>
      <slidetext><![CDATA[27  MBA em Engenharia de Software a Distância  ]]></slidetext>
      <animations>
      </animations>
      <waitforuser>false</waitforuser>
      <totalframes>1705</totalframes>
      <time>00:01:25</time>
      <transitionmediaurl />
    </slide>
    <slide id="28">
      <transition>
      </transition>
      <width>720</width>
      <height>540</height>
      <transitionurl>
      </transitionurl>
      <embeddedsound>
        <audio onclick="false" type="n" repeat="false" startframe="1" duration="1" />
      </embeddedsound>
      <slidenavigation onclick="true" slideadvmode="true" />
      <fileurl>Slides/slide28.swf</fileurl>
      <slideimage height="150" width="200">Images/slide28_200,150.jpg</slideimage>
      <title><![CDATA[Slide 28]]></title>
      <notes><![CDATA[28]]></notes>
      <slidetext><![CDATA[Diagrama de comunicaçãoTambém conhecido como diagrama de colaboraçãoEstruturalmente, é bastante semelhante a um diagrama de objetos.A diferença é que são adicionados setas e rótulos de mensagens nas ligações entre esses objetos.  28  MBA em Engenharia de Software a Distância  ]]></slidetext>
      <animations>
      </animations>
      <waitforuser>false</waitforuser>
      <totalframes>393</totalframes>
      <time>00:00:19</time>
      <transitionmediaurl />
    </slide>
    <slide id="29">
      <transition>
      </transition>
      <width>720</width>
      <height>540</height>
      <transitionurl>
      </transitionurl>
      <embeddedsound>
        <audio onclick="false" type="n" repeat="false" startframe="1" duration="1" />
      </embeddedsound>
      <slidenavigation onclick="true" slideadvmode="true" />
      <fileurl>Slides/slide29.swf</fileurl>
      <slideimage height="150" width="200">Images/slide29_200,150.jpg</slideimage>
      <title><![CDATA[Slide 29]]></title>
      <notes><![CDATA[29]]></notes>
      <slidetext><![CDATA[As ligações (linhas) entre objetos correspondem a relacionamentos existentes entre os objetos.Deve haver consistência com o diagrama de classes...Os objetos estão distribuídos em duas dimensõesVantagem: normalmente permite construir desenhos mais legíveis comparativamente aos diagramas de sequência.  29  MBA em Engenharia de Software a Distância  ]]></slidetext>
      <animations>
      </animations>
      <waitforuser>false</waitforuser>
      <totalframes>594</totalframes>
      <time>00:00:29</time>
      <transitionmediaurl />
    </slide>
    <slide id="30">
      <transition>
      </transition>
      <width>720</width>
      <height>540</height>
      <transitionurl>
      </transitionurl>
      <embeddedsound>
        <audio onclick="false" type="n" repeat="false" startframe="1" duration="1" />
      </embeddedsound>
      <slidenavigation onclick="true" slideadvmode="true" />
      <fileurl>Slides/slide30.swf</fileurl>
      <slideimage height="150" width="200">Images/slide30_200,150.jpg</slideimage>
      <title><![CDATA[Slide 30]]></title>
      <notes><![CDATA[30]]></notes>
      <slidetext><![CDATA[Desvantagem: não há como saber a ordem de envio das mensagens a não ser pelas expressões de sequência.Direção de envio de mensagem é indicada por uma seta próxima ao rótulo da mensagem.  30  MBA em Engenharia de Software a Distância  ]]></slidetext>
      <animations>
      </animations>
      <waitforuser>false</waitforuser>
      <totalframes>365</totalframes>
      <time>00:00:18</time>
      <transitionmediaurl />
    </slide>
    <slide id="31">
      <transition>
      </transition>
      <width>720</width>
      <height>540</height>
      <transitionurl>
      </transitionurl>
      <embeddedsound>
        <audio onclick="false" type="n" repeat="false" startframe="1" duration="1" />
      </embeddedsound>
      <slidenavigation onclick="true" slideadvmode="true" />
      <fileurl>Slides/slide31.swf</fileurl>
      <slideimage height="150" width="200">Images/slide31_200,150.jpg</slideimage>
      <title><![CDATA[Slide 31]]></title>
      <notes><![CDATA[]]></notes>
      <slidetext><![CDATA[Elementos básicos em um diagrama de comunicação:AtoresObjetos, multiobjetos e classesMensagensLigações entre objetosCriação e destruição de objetosIterações  31  MBA em Engenharia de Software a Distância  ]]></slidetext>
      <animations>
      </animations>
      <waitforuser>false</waitforuser>
      <totalframes>539</totalframes>
      <time>00:00:26</time>
      <transitionmediaurl />
    </slide>
    <slide id="32">
      <transition>
      </transition>
      <width>720</width>
      <height>540</height>
      <transitionurl>
      </transitionurl>
      <embeddedsound>
        <audio onclick="false" type="n" repeat="false" startframe="1" duration="1" />
      </embeddedsound>
      <slidenavigation onclick="true" slideadvmode="true" />
      <fileurl>Slides/slide32.swf</fileurl>
      <slideimage height="150" width="200">Images/slide32_200,150.jpg</slideimage>
      <title><![CDATA[Slide 32]]></title>
      <notes><![CDATA[Estruturalmente semelhante ao diagrama de objetos.A diferença é que são adicionados setas e rótulos de mensagens nas ligações entre esses objetos.Objetos (nomeados e anônimos) e classes podem aparecer.As ligações (linhas) entre objetos correspondem a relacionamentos existentes entre os objetos.A ordem de envio das mensagens é determinada pelas expressões de sequência.Direção de envio de mensagem indicada por uma seta próxima ao rótulo da mensagem.Ligações em um DC Um diagrama de comunicação apresenta ligações entre objetos.Várias mensagens, e mensagens em ambos os sentidos, fluem no mesma ligação. Não é necessário criar uma ligação por mensagem.Ordem de envio das mensagens.Em um DC, mensagens são numeradas para evitar ambiguidade na definição da ordem de envio.]]></notes>
      <slidetext><![CDATA[32  MBA em Engenharia de Software a Distância  ]]></slidetext>
      <animations>
      </animations>
      <waitforuser>false</waitforuser>
      <totalframes>1439</totalframes>
      <time>00:01:11</time>
      <transitionmediaurl />
    </slide>
    <slide id="33">
      <transition>
      </transition>
      <width>720</width>
      <height>540</height>
      <transitionurl>
      </transitionurl>
      <embeddedsound>
        <audio onclick="false" type="n" repeat="false" startframe="1" duration="1" />
      </embeddedsound>
      <slidenavigation onclick="true" slideadvmode="true" />
      <fileurl>Slides/slide33.swf</fileurl>
      <slideimage height="150" width="200">Images/slide33_200,150.jpg</slideimage>
      <title><![CDATA[Slide 33]]></title>
      <notes><![CDATA[33]]></notes>
      <slidetext><![CDATA[Criação de objetos em um DCDurante a execução de um cenário de caso de uso, objetos podem ser criados e outros objetos podem ser destruídos.Alguns objetos podem sobreviver à execução do caso de uso (se conectando a outro objetos); outros podem nascer e morrer durante essa execução.  33  MBA em Engenharia de Software a Distância  ]]></slidetext>
      <animations>
      </animations>
      <waitforuser>false</waitforuser>
      <totalframes>545</totalframes>
      <time>00:00:27</time>
      <transitionmediaurl />
    </slide>
    <slide id="34">
      <transition>
      </transition>
      <width>720</width>
      <height>540</height>
      <transitionurl>
      </transitionurl>
      <embeddedsound>
        <audio onclick="false" type="n" repeat="false" startframe="1" duration="1" />
      </embeddedsound>
      <slidenavigation onclick="true" slideadvmode="true" />
      <fileurl>Slides/slide34.swf</fileurl>
      <slideimage height="150" width="200">Images/slide34_200,150.jpg</slideimage>
      <title><![CDATA[Slide 34]]></title>
      <notes><![CDATA[34]]></notes>
      <slidetext><![CDATA[A UML define etiquetas (tags) para criação e destruição de objetos (ou de ligações entre objetos) no diagrama de comunicação.{new}: objetos ou ligações criados durante a interação.{destroyed}: objetos ou ligações destruídos durante a interação.{transient}: objetos ou ligações destruídos e criados durante a interação.  34  MBA em Engenharia de Software a Distância  ]]></slidetext>
      <animations>
      </animations>
      <waitforuser>false</waitforuser>
      <totalframes>1136</totalframes>
      <time>00:00:56</time>
      <transitionmediaurl />
    </slide>
    <slide id="35">
      <transition>
      </transition>
      <width>720</width>
      <height>540</height>
      <transitionurl>
      </transitionurl>
      <embeddedsound>
        <audio onclick="false" type="n" repeat="false" startframe="1" duration="1" />
      </embeddedsound>
      <slidenavigation onclick="true" slideadvmode="true" />
      <fileurl>Slides/slide35.swf</fileurl>
      <slideimage height="150" width="200">Images/slide35_200,150.jpg</slideimage>
      <title><![CDATA[Slide 35]]></title>
      <notes><![CDATA[35]]></notes>
      <slidetext><![CDATA[35  MBA em Engenharia de Software a Distância  ]]></slidetext>
      <animations>
        <animation id="1" onclick="true" frame="139" duration="139" />
      </animations>
      <waitforuser>false</waitforuser>
      <totalframes>267</totalframes>
      <time>00:00:13</time>
      <transitionmediaurl />
    </slide>
    <slide id="36">
      <transition>
      </transition>
      <width>720</width>
      <height>540</height>
      <transitionurl>
      </transitionurl>
      <embeddedsound>
        <audio onclick="false" type="n" repeat="false" startframe="1" duration="1" />
      </embeddedsound>
      <slidenavigation onclick="true" slideadvmode="true" />
      <fileurl>Slides/slide36.swf</fileurl>
      <slideimage height="150" width="200">Images/slide36_200,150.jpg</slideimage>
      <title><![CDATA[Slide 36]]></title>
      <notes><![CDATA[O quadro de interação foi introduzido pela UML 2.0.]]></notes>
      <slidetext><![CDATA[36  Modularização de interaçõesQuadros de interaçãoElemento gráfico, que serve para modularizar a construção de diagramas de sequência (ou de comunicação).  MBA em Engenharia de Software a Distância  ]]></slidetext>
      <animations>
      </animations>
      <waitforuser>false</waitforuser>
      <totalframes>284</totalframes>
      <time>00:00:14</time>
      <transitionmediaurl />
    </slide>
    <slide id="37">
      <transition>
      </transition>
      <width>720</width>
      <height>540</height>
      <transitionurl>
      </transitionurl>
      <embeddedsound>
        <audio onclick="false" type="n" repeat="false" startframe="1" duration="1" />
      </embeddedsound>
      <slidenavigation onclick="true" slideadvmode="true" />
      <fileurl>Slides/slide37.swf</fileurl>
      <slideimage height="150" width="200">Images/slide37_200,150.jpg</slideimage>
      <title><![CDATA[Slide 37]]></title>
      <notes><![CDATA[O quadro de interação foi introduzido pela UML 2.0.]]></notes>
      <slidetext><![CDATA[37  Objetivos específicos:Dar um nome ao diagrama que aparece dentro do quadro;Fazer referência a um diagrama definido separadamente;Definir o fluxo de controle da interação.  MBA em Engenharia de Software a Distância  ]]></slidetext>
      <animations>
      </animations>
      <waitforuser>false</waitforuser>
      <totalframes>284</totalframes>
      <time>00:00:14</time>
      <transitionmediaurl />
    </slide>
    <slide id="38">
      <transition>
      </transition>
      <width>720</width>
      <height>540</height>
      <transitionurl>
      </transitionurl>
      <embeddedsound>
        <audio onclick="false" type="n" repeat="false" startframe="1" duration="1" />
      </embeddedsound>
      <slidenavigation onclick="true" slideadvmode="true" />
      <fileurl>Slides/slide38.swf</fileurl>
      <slideimage height="150" width="200">Images/slide38_200,150.jpg</slideimage>
      <title><![CDATA[Slide 38]]></title>
      <notes><![CDATA[O quadro de interação foi introduzido pela UML 2.0.]]></notes>
      <slidetext><![CDATA[38  MBA em Engenharia de Software a Distância  ]]></slidetext>
      <animations>
      </animations>
      <waitforuser>false</waitforuser>
      <totalframes>235</totalframes>
      <time>00:00:11</time>
      <transitionmediaurl />
    </slide>
    <slide id="39">
      <transition>
      </transition>
      <width>720</width>
      <height>540</height>
      <transitionurl>
      </transitionurl>
      <embeddedsound>
        <audio onclick="false" type="n" repeat="false" startframe="1" duration="1" />
      </embeddedsound>
      <slidenavigation onclick="true" slideadvmode="true" />
      <fileurl>Slides/slide39.swf</fileurl>
      <slideimage height="150" width="200">Images/slide39_200,150.jpg</slideimage>
      <title><![CDATA[Slide 39]]></title>
      <notes><![CDATA[]]></notes>
      <slidetext><![CDATA[39  MBA em Engenharia de Software a Distância  ]]></slidetext>
      <animations>
      </animations>
      <waitforuser>false</waitforuser>
      <totalframes>369</totalframes>
      <time>00:00:18</time>
      <transitionmediaurl />
    </slide>
    <slide id="40">
      <transition>
      </transition>
      <width>720</width>
      <height>540</height>
      <transitionurl>
      </transitionurl>
      <embeddedsound>
        <audio onclick="false" type="n" repeat="false" startframe="1" duration="1" />
      </embeddedsound>
      <slidenavigation onclick="true" slideadvmode="true" />
      <fileurl>Slides/slide40.swf</fileurl>
      <slideimage height="150" width="200">Images/slide40_200,150.jpg</slideimage>
      <title><![CDATA[Slide 40]]></title>
      <notes><![CDATA[40]]></notes>
      <slidetext><![CDATA[40  Construção do modelo de interaçõesAlocação de responsabilidadesPodemos então entender a modelagem de interações como um processo cujo objetivo final é decompor as responsabilidades do sistema e alocá-las a classes. Dado um conjunto de N responsabilidades, uma possibilidade é criar uma única classe no sistema para assumir com todas as N responsabilidades.  MBA em Engenharia de Software a Distância  ]]></slidetext>
      <animations>
      </animations>
      <waitforuser>false</waitforuser>
      <totalframes>641</totalframes>
      <time>00:00:32</time>
      <transitionmediaurl />
    </slide>
    <slide id="41">
      <transition>
      </transition>
      <width>720</width>
      <height>540</height>
      <transitionurl>
      </transitionurl>
      <embeddedsound>
        <audio onclick="false" type="n" repeat="false" startframe="1" duration="1" />
      </embeddedsound>
      <slidenavigation onclick="true" slideadvmode="true" />
      <fileurl>Slides/slide41.swf</fileurl>
      <slideimage height="150" width="200">Images/slide41_200,150.jpg</slideimage>
      <title><![CDATA[Slide 41]]></title>
      <notes><![CDATA[41]]></notes>
      <slidetext><![CDATA[41  Outra possibilidade é criar N classes no sistema, a cada um delas sendo atribuída uma das N responsabilidades.Certamente, as duas alternativas anteriores são absurdas do ponto de vista prático. Mas, entre as muitas maneiras possíveis de alocar responsabilidades, como podemos saber quais delas são melhores que outras?  MBA em Engenharia de Software a Distância  ]]></slidetext>
      <animations>
      </animations>
      <waitforuser>false</waitforuser>
      <totalframes>514</totalframes>
      <time>00:00:25</time>
      <transitionmediaurl />
    </slide>
    <slide id="42">
      <transition>
      </transition>
      <width>720</width>
      <height>540</height>
      <transitionurl>
      </transitionurl>
      <embeddedsound>
        <audio onclick="false" type="n" repeat="false" startframe="1" duration="1" />
      </embeddedsound>
      <slidenavigation onclick="true" slideadvmode="true" />
      <fileurl>Slides/slide42.swf</fileurl>
      <slideimage height="150" width="200">Images/slide42_200,150.jpg</slideimage>
      <title><![CDATA[Slide 42]]></title>
      <notes><![CDATA[]]></notes>
      <slidetext><![CDATA[A resposta à pergunta anterior não é nenhuma receita de bolo.De fato, para construirmos um bom modelo de interações, devemos lançar mão de diversos princípios de projeto:Dois dos principais princípios são o acoplamento e a coesão.  42  MBA em Engenharia de Software a Distância  ]]></slidetext>
      <animations>
      </animations>
      <waitforuser>false</waitforuser>
      <totalframes>392</totalframes>
      <time>00:00:19</time>
      <transitionmediaurl />
    </slide>
    <slide id="43">
      <transition>
      </transition>
      <width>720</width>
      <height>540</height>
      <transitionurl>
      </transitionurl>
      <embeddedsound>
        <audio onclick="false" type="n" repeat="false" startframe="1" duration="1" />
      </embeddedsound>
      <slidenavigation onclick="true" slideadvmode="true" />
      <fileurl>Slides/slide43.swf</fileurl>
      <slideimage height="150" width="200">Images/slide43_200,150.jpg</slideimage>
      <title><![CDATA[Slide 43]]></title>
      <notes><![CDATA[]]></notes>
      <slidetext><![CDATA[Acoplamento e coesãoA coesão é uma medida do quão fortemente relacionadas e focalizadas são as responsabilidades de uma classe. É extremamente importante assegurar que as responsabilidades atribuídas a cada classe sejam altamente relacionadas. Em outras palavras, o projetista deve definir classes de tal forma que cada uma delas tenha alta coesão.  43  MBA em Engenharia de Software a Distância  ]]></slidetext>
      <animations>
      </animations>
      <waitforuser>false</waitforuser>
      <totalframes>700</totalframes>
      <time>00:00:35</time>
      <transitionmediaurl />
    </slide>
    <slide id="44">
      <transition>
      </transition>
      <width>720</width>
      <height>540</height>
      <transitionurl>
      </transitionurl>
      <embeddedsound>
        <audio onclick="false" type="n" repeat="false" startframe="1" duration="1" />
      </embeddedsound>
      <slidenavigation onclick="true" slideadvmode="true" />
      <fileurl>Slides/slide44.swf</fileurl>
      <slideimage height="150" width="200">Images/slide44_200,150.jpg</slideimage>
      <title><![CDATA[Slide 44]]></title>
      <notes><![CDATA[]]></notes>
      <slidetext><![CDATA[O acoplamento é uma medida de quão fortemente uma classe está conectada a outras classes, tem conhecimento ou depende das mesmas. Uma classe com acoplamento fraco (baixo) não depende de muitas outras.Por outro lado, uma classe com acoplamento forte é menos inteligível isoladamente e menos reutilizável.  44  MBA em Engenharia de Software a Distância  ]]></slidetext>
      <animations>
      </animations>
      <waitforuser>false</waitforuser>
      <totalframes>681</totalframes>
      <time>00:00:34</time>
      <transitionmediaurl />
    </slide>
    <slide id="45">
      <transition>
      </transition>
      <width>720</width>
      <height>540</height>
      <transitionurl>
      </transitionurl>
      <embeddedsound>
        <audio onclick="false" type="n" repeat="false" startframe="1" duration="1" />
      </embeddedsound>
      <slidenavigation onclick="true" slideadvmode="true" />
      <fileurl>Slides/slide45.swf</fileurl>
      <slideimage height="150" width="200">Images/slide45_200,150.jpg</slideimage>
      <title><![CDATA[Slide 45]]></title>
      <notes><![CDATA[]]></notes>
      <slidetext><![CDATA[Além disso, uma classe com alto acoplamento é mais sensível a mudanças, quando é necessário modificar as classes da qual ela depende.Conclusão: criar modelos com alta coesão e baixo acoplamento deve ser um objetivo de qualquer projetista.  45  MBA em Engenharia de Software a Distância  ]]></slidetext>
      <animations>
      </animations>
      <waitforuser>false</waitforuser>
      <totalframes>474</totalframes>
      <time>00:00:23</time>
      <transitionmediaurl />
    </slide>
    <slide id="46">
      <transition>
      </transition>
      <width>720</width>
      <height>540</height>
      <transitionurl>
      </transitionurl>
      <embeddedsound>
        <audio onclick="false" type="n" repeat="false" startframe="1" duration="1" />
      </embeddedsound>
      <slidenavigation onclick="true" slideadvmode="true" />
      <fileurl>Slides/slide46.swf</fileurl>
      <slideimage height="150" width="200">Images/slide46_200,150.jpg</slideimage>
      <title><![CDATA[Slide 46]]></title>
      <notes><![CDATA[]]></notes>
      <slidetext><![CDATA[Dicas para construção do MIIdentifique as classes conceituais que participam em cada caso de uso.  Estas são as entidades do mundo real que estariam envolvidas na tarefa do caso do uso se este fosse executada manualmente. Note que classes de fronteira também podem ser classes conceituais.  46  MBA em Engenharia de Software a Distância  ]]></slidetext>
      <animations>
      </animations>
      <waitforuser>false</waitforuser>
      <totalframes>1212</totalframes>
      <time>00:01:00</time>
      <transitionmediaurl />
    </slide>
    <slide id="47">
      <transition>
      </transition>
      <width>720</width>
      <height>540</height>
      <transitionurl>
      </transitionurl>
      <embeddedsound>
        <audio onclick="false" type="n" repeat="false" startframe="1" duration="1" />
      </embeddedsound>
      <slidenavigation onclick="true" slideadvmode="true" />
      <fileurl>Slides/slide47.swf</fileurl>
      <slideimage height="150" width="200">Images/slide47_200,150.jpg</slideimage>
      <title><![CDATA[Slide 47]]></title>
      <notes><![CDATA[]]></notes>
      <slidetext><![CDATA[Identifique quaisquer classes de software que ajudem a organizar as tarefas a serem executadas. Essas classes normalmente são necessárias para manter a coesão das demais classes em um nível alto. Segundo Craig Larman, essas classes são fabricações puras (pure fabrications).  47  MBA em Engenharia de Software a Distância  ]]></slidetext>
      <animations>
      </animations>
      <waitforuser>false</waitforuser>
      <totalframes>622</totalframes>
      <time>00:00:31</time>
      <transitionmediaurl />
    </slide>
    <slide id="48">
      <transition>
      </transition>
      <width>720</width>
      <height>540</height>
      <transitionurl>
      </transitionurl>
      <embeddedsound>
        <audio onclick="false" type="n" repeat="false" startframe="1" duration="1" />
      </embeddedsound>
      <slidenavigation onclick="true" slideadvmode="true" />
      <fileurl>Slides/slide48.swf</fileurl>
      <slideimage height="150" width="200">Images/slide48_200,150.jpg</slideimage>
      <title><![CDATA[Slide 48]]></title>
      <notes><![CDATA[]]></notes>
      <slidetext><![CDATA[Também: classes de acesso ao mecanismo de armazenamento, classes de autenticação, etc.  48  MBA em Engenharia de Software a Distância  ]]></slidetext>
      <animations>
      </animations>
      <waitforuser>false</waitforuser>
      <totalframes>173</totalframes>
      <time>00:00:08</time>
      <transitionmediaurl />
    </slide>
    <slide id="49">
      <transition>
      </transition>
      <width>720</width>
      <height>540</height>
      <transitionurl>
      </transitionurl>
      <embeddedsound>
        <audio onclick="false" type="n" repeat="false" startframe="1" duration="1" />
      </embeddedsound>
      <slidenavigation onclick="true" slideadvmode="true" />
      <fileurl>Slides/slide49.swf</fileurl>
      <slideimage height="150" width="200">Images/slide49_200,150.jpg</slideimage>
      <title><![CDATA[Slide 49]]></title>
      <notes><![CDATA[]]></notes>
      <slidetext><![CDATA[Defina também que objetos criam (destróem) outros objetos.Na realização de um caso de uso, objetos de entidade podem ser criados pelo objeto de controle, que recebe os dados necessários à instanciação a partir de objetos de fronteira. Objetos de entidade também podem ser criados (destruídos) por outros objetos de entidade.  49  MBA em Engenharia de Software a Distância  ]]></slidetext>
      <animations>
      </animations>
      <waitforuser>false</waitforuser>
      <totalframes>619</totalframes>
      <time>00:00:30</time>
      <transitionmediaurl />
    </slide>
    <slide id="50">
      <transition>
      </transition>
      <width>720</width>
      <height>540</height>
      <transitionurl>
      </transitionurl>
      <embeddedsound>
        <audio onclick="false" type="n" repeat="false" startframe="1" duration="1" />
      </embeddedsound>
      <slidenavigation onclick="true" slideadvmode="true" />
      <fileurl>Slides/slide50.swf</fileurl>
      <slideimage height="150" width="200">Images/slide50_200,150.jpg</slideimage>
      <title><![CDATA[Slide 50]]></title>
      <notes><![CDATA[]]></notes>
      <slidetext><![CDATA[De uma forma geral, em uma agregação (ou composição), o objeto todo tem prioridade para criar (destruir) suas partes.Portanto, em uma agregação (ou composição) entre objetos de entidade, é mais adequado que o objeto todo crie (destrua) suas partes quando requisitado por outros objetos.  50  MBA em Engenharia de Software a Distância  ]]></slidetext>
      <animations>
      </animations>
      <waitforuser>false</waitforuser>
      <totalframes>580</totalframes>
      <time>00:00:29</time>
      <transitionmediaurl />
    </slide>
    <slide id="51">
      <transition>
      </transition>
      <width>720</width>
      <height>540</height>
      <transitionurl>
      </transitionurl>
      <embeddedsound>
        <audio onclick="false" type="n" repeat="false" startframe="1" duration="1" />
      </embeddedsound>
      <slidenavigation onclick="true" slideadvmode="true" />
      <fileurl>Slides/slide51.swf</fileurl>
      <slideimage height="150" width="200">Images/slide51_200,150.jpg</slideimage>
      <title><![CDATA[Slide 51]]></title>
      <notes><![CDATA[]]></notes>
      <slidetext><![CDATA[Verifique a consistência dos diagramas de interação em relação ao modelo de caso de uso e ao modelo de classes.Verifique que cada cenário relevante para cada caso de uso foi considerado na modelagem de interações.Se assegure de que as mensagens que um objeto recebe estão consistentes com as responsabilidades a ele atribuídas.  51  MBA em Engenharia de Software a Distância  ]]></slidetext>
      <animations>
      </animations>
      <waitforuser>false</waitforuser>
      <totalframes>554</totalframes>
      <time>00:00:27</time>
      <transitionmediaurl />
    </slide>
    <slide id="52">
      <transition>
      </transition>
      <width>720</width>
      <height>540</height>
      <transitionurl>
      </transitionurl>
      <embeddedsound>
        <audio onclick="false" type="n" repeat="false" startframe="1" duration="1" />
      </embeddedsound>
      <slidenavigation onclick="true" slideadvmode="true" />
      <fileurl>Slides/slide52.swf</fileurl>
      <slideimage height="150" width="200">Images/slide52_200,150.jpg</slideimage>
      <title><![CDATA[Slide 52]]></title>
      <notes><![CDATA[]]></notes>
      <slidetext><![CDATA[Alguns dos objetos necessários em uma interação já podem ter sido identificados durante a construção do modelo de classes de análise.Durante a construção do diagrama de interação, o modelador pode identificar novas classes.Atributos, associações e operações também surgem como subproduto da construção dos diagramas de interação.  52  MBA em Engenharia de Software a Distância  ]]></slidetext>
      <animations>
      </animations>
      <waitforuser>false</waitforuser>
      <totalframes>577</totalframes>
      <time>00:00:28</time>
      <transitionmediaurl />
    </slide>
    <slide id="53">
      <transition>
      </transition>
      <width>720</width>
      <height>540</height>
      <transitionurl>
      </transitionurl>
      <embeddedsound>
        <audio onclick="false" type="n" repeat="false" startframe="1" duration="1" />
      </embeddedsound>
      <slidenavigation onclick="true" slideadvmode="true" />
      <fileurl>Slides/slide53.swf</fileurl>
      <slideimage height="150" width="200">Images/slide53_200,150.jpg</slideimage>
      <title><![CDATA[Slide 53]]></title>
      <notes><![CDATA[]]></notes>
      <slidetext><![CDATA[Se certifique de que o objeto de controle realiza apenas a coordenação da realização do caso de uso.Como o controlador tem a responsabilidade de coordenação, todas as ações do ator resultam em alguma atividade realizada por esse objeto de controle.  53  MBA em Engenharia de Software a Distância  ]]></slidetext>
      <animations>
      </animations>
      <waitforuser>false</waitforuser>
      <totalframes>478</totalframes>
      <time>00:00:23</time>
      <transitionmediaurl />
    </slide>
    <slide id="54">
      <transition>
      </transition>
      <width>720</width>
      <height>540</height>
      <transitionurl>
      </transitionurl>
      <embeddedsound>
        <audio onclick="false" type="n" repeat="false" startframe="1" duration="1" />
      </embeddedsound>
      <slidenavigation onclick="true" slideadvmode="true" />
      <fileurl>Slides/slide54.swf</fileurl>
      <slideimage height="150" width="200">Images/slide54_200,150.jpg</slideimage>
      <title><![CDATA[Slide 54]]></title>
      <notes><![CDATA[]]></notes>
      <slidetext><![CDATA[Isso pode levar ao alto acoplamento; Responsabilidades específicas no domínio devem ser atribuídas aos objetos de domínio (entidades).Sempre que for adequado, segundo os princípios de coesão e de acoplamento, devemos fazer com que as classes de domínio enviem mensagens entre si, aliviando o objeto de controle.  54  MBA em Engenharia de Software a Distância  ]]></slidetext>
      <animations>
      </animations>
      <waitforuser>false</waitforuser>
      <totalframes>680</totalframes>
      <time>00:00:34</time>
      <transitionmediaurl />
    </slide>
    <slide id="55">
      <transition>
      </transition>
      <width>720</width>
      <height>540</height>
      <transitionurl>
      </transitionurl>
      <embeddedsound>
        <audio onclick="false" type="n" repeat="false" startframe="1" duration="1" />
      </embeddedsound>
      <slidenavigation onclick="true" slideadvmode="true" />
      <fileurl>Slides/slide55.swf</fileurl>
      <slideimage height="150" width="200">Images/slide55_200,150.jpg</slideimage>
      <title><![CDATA[Slide 55]]></title>
      <notes><![CDATA[]]></notes>
      <slidetext><![CDATA[Faça o máximo para construir diagramas de interação o mais inteligíveis possível.Por exemplo, podemos utilizar notas explicativas para esclarecer algumas partes do diagrama de interação que esteja construindo. Outra estratégia que ajuda a construir um modelo de interações mais inteligível é utilizar os recursos de Modularização que a UML 2.0 acrescentou.  55  MBA em Engenharia de Software a Distância  ]]></slidetext>
      <animations>
      </animations>
      <waitforuser>false</waitforuser>
      <totalframes>927</totalframes>
      <time>00:00:46</time>
      <transitionmediaurl />
    </slide>
    <slide id="56">
      <transition>
      </transition>
      <width>720</width>
      <height>540</height>
      <transitionurl>
      </transitionurl>
      <embeddedsound>
        <audio onclick="false" type="n" repeat="false" startframe="1" duration="1" />
      </embeddedsound>
      <slidenavigation onclick="true" slideadvmode="true" />
      <fileurl>Slides/slide56.swf</fileurl>
      <slideimage height="150" width="200">Images/slide56_200,150.jpg</slideimage>
      <title><![CDATA[Slide 56]]></title>
      <notes><![CDATA[]]></notes>
      <slidetext><![CDATA[Utilize o princípio de projeto conhecido como Lei de Demeter. Esse princípio está associado ao princípio do acoplamento e impõe restrições acerca de quais são os objetos para os quais devem ser enviadas mensagens na implementação de uma operação:(a) ao próprio objeto da classe (ou self); (b) a um objeto recebido como parâmetro do método;  56  MBA em Engenharia de Software a Distância  ]]></slidetext>
      <animations>
      </animations>
      <waitforuser>false</waitforuser>
      <totalframes>679</totalframes>
      <time>00:00:33</time>
      <transitionmediaurl />
    </slide>
    <slide id="57">
      <transition>
      </transition>
      <width>720</width>
      <height>540</height>
      <transitionurl>
      </transitionurl>
      <embeddedsound>
        <audio onclick="false" type="n" repeat="false" startframe="1" duration="1" />
      </embeddedsound>
      <slidenavigation onclick="true" slideadvmode="true" />
      <fileurl>Slides/slide57.swf</fileurl>
      <slideimage height="150" width="200">Images/slide57_200,150.jpg</slideimage>
      <title><![CDATA[Slide 57]]></title>
      <notes><![CDATA[]]></notes>
      <slidetext><![CDATA[(c) a um atributo da classe; (d) a um objeto criado dentro do método; (e) a um elemento de uma coleção que é atributo da classe.A intenção é evitar acoplar excessivamente um objeto e também evitar que ele tenha conhecimento das associações entre outros objetos.  57  MBA em Engenharia de Software a Distância  ]]></slidetext>
      <animations>
      </animations>
      <waitforuser>false</waitforuser>
      <totalframes>576</totalframes>
      <time>00:00:28</time>
      <transitionmediaurl />
    </slide>
    <slide id="58">
      <transition>
      </transition>
      <width>720</width>
      <height>540</height>
      <transitionurl>
      </transitionurl>
      <embeddedsound>
        <audio onclick="false" type="n" repeat="false" startframe="1" duration="1" />
      </embeddedsound>
      <slidenavigation onclick="true" slideadvmode="true" />
      <fileurl>Slides/slide58.swf</fileurl>
      <slideimage height="150" width="200">Images/slide58_200,150.jpg</slideimage>
      <title><![CDATA[Slide 58]]></title>
      <notes><![CDATA[]]></notes>
      <slidetext><![CDATA[Na modelagem de interações, quando definimos uma mensagem, estamos criando uma dependência entre os objetos envolvidos. Isso é mesmo que dizermos que estamos aumentando o acoplamento entre os objetos em questão.Portanto, é necessário que o modelador fique atento para apenas definir mensagens que são realmente necessárias.  58  MBA em Engenharia de Software a Distância  ]]></slidetext>
      <animations>
      </animations>
      <waitforuser>false</waitforuser>
      <totalframes>559</totalframes>
      <time>00:00:27</time>
      <transitionmediaurl />
    </slide>
    <slide id="59">
      <transition>
      </transition>
      <width>720</width>
      <height>540</height>
      <transitionurl>
      </transitionurl>
      <embeddedsound>
        <audio onclick="false" type="n" repeat="false" startframe="1" duration="1" />
      </embeddedsound>
      <slidenavigation onclick="true" slideadvmode="true" />
      <fileurl>Slides/slide59.swf</fileurl>
      <slideimage height="150" width="200">Images/slide59_200,150.jpg</slideimage>
      <title><![CDATA[Slide 59]]></title>
      <notes><![CDATA[]]></notes>
      <slidetext><![CDATA[Sempre que possível, devemos evitar o envio de mensagens que implique na criação de associações redundantes no modelo de classes.Isso porque a adição de uma associação entre duas classes aumenta o acoplamento entre as mesmas.  59  MBA em Engenharia de Software a Distância  ]]></slidetext>
      <animations>
      </animations>
      <waitforuser>false</waitforuser>
      <totalframes>411</totalframes>
      <time>00:00:20</time>
      <transitionmediaurl />
    </slide>
    <slide id="60">
      <transition>
      </transition>
      <width>720</width>
      <height>540</height>
      <transitionurl>
      </transitionurl>
      <embeddedsound>
        <audio onclick="false" type="n" repeat="false" startframe="1" duration="1" />
      </embeddedsound>
      <slidenavigation onclick="true" slideadvmode="true" />
      <fileurl>Slides/slide60.swf</fileurl>
      <slideimage height="150" width="200">Images/slide60_200,150.jpg</slideimage>
      <title><![CDATA[Slide 60]]></title>
      <notes><![CDATA[]]></notes>
      <slidetext><![CDATA[Procedimento de construçãoVamos agora descrever um procedimento para construção do modelo de interações. Esse procedimento genérico serve tanto para diagramas de sequência quanto para diagramas de comunicação, resguardando-se as diferenças de notação entre os dois.  60  MBA em Engenharia de Software a Distância  ]]></slidetext>
      <animations>
      </animations>
      <waitforuser>false</waitforuser>
      <totalframes>598</totalframes>
      <time>00:00:29</time>
      <transitionmediaurl />
    </slide>
    <slide id="61">
      <transition>
      </transition>
      <width>720</width>
      <height>540</height>
      <transitionurl>
      </transitionurl>
      <embeddedsound>
        <audio onclick="false" type="n" repeat="false" startframe="1" duration="1" />
      </embeddedsound>
      <slidenavigation onclick="true" slideadvmode="true" />
      <fileurl>Slides/slide61.swf</fileurl>
      <slideimage height="150" width="200">Images/slide61_200,150.jpg</slideimage>
      <title><![CDATA[Slide 61]]></title>
      <notes><![CDATA[]]></notes>
      <slidetext><![CDATA[Durante a aplicação desse procedimento, é recomendável considerar todas as dicas descritas anteriormente.Antes de descrevermos esse procedimento, é necessário que definamos o conceito de evento de sistema…  61  MBA em Engenharia de Software a Distância  ]]></slidetext>
      <animations>
      </animations>
      <waitforuser>false</waitforuser>
      <totalframes>402</totalframes>
      <time>00:00:20</time>
      <transitionmediaurl />
    </slide>
    <slide id="62">
      <transition>
      </transition>
      <width>720</width>
      <height>540</height>
      <transitionurl>
      </transitionurl>
      <embeddedsound>
        <audio onclick="false" type="n" repeat="false" startframe="1" duration="1" />
      </embeddedsound>
      <slidenavigation onclick="true" slideadvmode="true" />
      <fileurl>Slides/slide62.swf</fileurl>
      <slideimage height="150" width="200">Images/slide62_200,150.jpg</slideimage>
      <title><![CDATA[Slide 62]]></title>
      <notes><![CDATA[]]></notes>
      <slidetext><![CDATA[Eventos de sistemaEventos de sistema correspondem às ações do ator no cenário de determinado caso de uso. Sendo assim, é relativamente fácil identificar eventos de sistemas em uma descrição de caso de uso: devemos procurar nessa descrição os eventos que correspondem a ações do ator.  62  MBA em Engenharia de Software a Distância  ]]></slidetext>
      <animations>
      </animations>
      <waitforuser>false</waitforuser>
      <totalframes>560</totalframes>
      <time>00:00:28</time>
      <transitionmediaurl />
    </slide>
    <slide id="63">
      <transition>
      </transition>
      <width>720</width>
      <height>540</height>
      <transitionurl>
      </transitionurl>
      <embeddedsound>
        <audio onclick="false" type="n" repeat="false" startframe="1" duration="1" />
      </embeddedsound>
      <slidenavigation onclick="true" slideadvmode="true" />
      <fileurl>Slides/slide63.swf</fileurl>
      <slideimage height="150" width="200">Images/slide63_200,150.jpg</slideimage>
      <title><![CDATA[Slide 63]]></title>
      <notes><![CDATA[]]></notes>
      <slidetext><![CDATA[No caso particular em que o ator é um ser humano e existe uma interface gráfica para que o mesmo interaja com o sistema, os eventos do sistema são resultantes de ações desse ator sobre essa interface gráfica, que corresponde a objetos de fronteira.  63  MBA em Engenharia de Software a Distância  ]]></slidetext>
      <animations>
      </animations>
      <waitforuser>false</waitforuser>
      <totalframes>449</totalframes>
      <time>00:00:22</time>
      <transitionmediaurl />
    </slide>
    <slide id="64">
      <transition>
      </transition>
      <width>720</width>
      <height>540</height>
      <transitionurl>
      </transitionurl>
      <embeddedsound>
        <audio onclick="false" type="n" repeat="false" startframe="1" duration="1" />
      </embeddedsound>
      <slidenavigation onclick="true" slideadvmode="true" />
      <fileurl>Slides/slide64.swf</fileurl>
      <slideimage height="150" width="200">Images/slide64_200,150.jpg</slideimage>
      <title><![CDATA[Slide 64]]></title>
      <notes><![CDATA[]]></notes>
      <slidetext><![CDATA[64  MBA em Engenharia de Software a Distância  ]]></slidetext>
      <animations>
        <animation id="1" onclick="true" frame="167" duration="176" />
      </animations>
      <waitforuser>false</waitforuser>
      <totalframes>337</totalframes>
      <time>00:00:16</time>
      <transitionmediaurl />
    </slide>
    <slide id="65">
      <transition>
      </transition>
      <width>720</width>
      <height>540</height>
      <transitionurl>
      </transitionurl>
      <embeddedsound>
        <audio onclick="false" type="n" repeat="false" startframe="1" duration="1" />
      </embeddedsound>
      <slidenavigation onclick="true" slideadvmode="true" />
      <fileurl>Slides/slide65.swf</fileurl>
      <slideimage height="150" width="200">Images/slide65_200,150.jpg</slideimage>
      <title><![CDATA[Slide 65]]></title>
      <notes><![CDATA[]]></notes>
      <slidetext><![CDATA[No formulário anterior, temos a seguinte lista de eventos de sistema:solicitação de validação de matrícula de professor;solicitação de adição de uma disciplina à grade;solicitação de adição de um item de disponibilidade (dia, hora inicial e hora final) à grade;solicitação de registro da grade.  65  MBA em Engenharia de Software a Distância  ]]></slidetext>
      <animations>
      </animations>
      <waitforuser>false</waitforuser>
      <totalframes>554</totalframes>
      <time>00:00:27</time>
      <transitionmediaurl />
    </slide>
    <slide id="66">
      <transition>
      </transition>
      <width>720</width>
      <height>540</height>
      <transitionurl>
      </transitionurl>
      <embeddedsound>
        <audio onclick="false" type="n" repeat="false" startframe="1" duration="1" />
      </embeddedsound>
      <slidenavigation onclick="true" slideadvmode="true" />
      <fileurl>Slides/slide66.swf</fileurl>
      <slideimage height="150" width="200">Images/slide66_200,150.jpg</slideimage>
      <title><![CDATA[Slide 66]]></title>
      <notes><![CDATA[]]></notes>
      <slidetext><![CDATA[Importante: nem todo evento de sistema é originado em um objeto de fronteira correspondente a uma interface gráfica.  essa ocorrência pode ser gerada por um ator que não seja um ser humano.  66  MBA em Engenharia de Software a Distância  ]]></slidetext>
      <animations>
      </animations>
      <waitforuser>false</waitforuser>
      <totalframes>350</totalframes>
      <time>00:00:17</time>
      <transitionmediaurl />
    </slide>
    <slide id="67">
      <transition>
      </transition>
      <width>720</width>
      <height>540</height>
      <transitionurl>
      </transitionurl>
      <embeddedsound>
        <audio onclick="false" type="n" repeat="false" startframe="1" duration="1" />
      </embeddedsound>
      <slidenavigation onclick="true" slideadvmode="true" />
      <fileurl>Slides/slide67.swf</fileurl>
      <slideimage height="150" width="200">Images/slide67_200,150.jpg</slideimage>
      <title><![CDATA[Slide 67]]></title>
      <notes><![CDATA[]]></notes>
      <slidetext><![CDATA[Mas, por que os eventos de sistema são importantes para a modelagem de interações? Porque as interações entre objetos de um sistema acontecem por conta do acontecimento daqueles.Um evento de sistema é alguma ação tomada por um ator que resulta em uma sequencia de mensagens trocadas entre os objetos do sistema.  67  MBA em Engenharia de Software a Distância  ]]></slidetext>
      <animations>
      </animations>
      <waitforuser>false</waitforuser>
      <totalframes>602</totalframes>
      <time>00:00:30</time>
      <transitionmediaurl />
    </slide>
    <slide id="68">
      <transition>
      </transition>
      <width>720</width>
      <height>540</height>
      <transitionurl>
      </transitionurl>
      <embeddedsound>
        <audio onclick="false" type="n" repeat="false" startframe="1" duration="1" />
      </embeddedsound>
      <slidenavigation onclick="true" slideadvmode="true" />
      <fileurl>Slides/slide68.swf</fileurl>
      <slideimage height="150" width="200">Images/slide68_200,150.jpg</slideimage>
      <title><![CDATA[Slide 68]]></title>
      <notes><![CDATA[]]></notes>
      <slidetext><![CDATA[Portanto, o ponto de partida para a modelagem de interações é a identificação dos eventos do sistema.Uma vez feita essa identificação, podemos desenhar diagramas de interação que modelam como os objetos colaboram entre si para produzir a resposta desejada a cada evento do sistema.  68  MBA em Engenharia de Software a Distância  ]]></slidetext>
      <animations>
      </animations>
      <waitforuser>false</waitforuser>
      <totalframes>537</totalframes>
      <time>00:00:26</time>
      <transitionmediaurl />
    </slide>
    <slide id="69">
      <transition>
      </transition>
      <width>720</width>
      <height>540</height>
      <transitionurl>
      </transitionurl>
      <embeddedsound>
        <audio onclick="false" type="n" repeat="false" startframe="1" duration="1" />
      </embeddedsound>
      <slidenavigation onclick="true" slideadvmode="true" />
      <fileurl>Slides/slide69.swf</fileurl>
      <slideimage height="150" width="200">Images/slide69_200,150.jpg</slideimage>
      <title><![CDATA[Slide 69]]></title>
      <notes><![CDATA[]]></notes>
      <slidetext><![CDATA[Procedimento de construçãoPara cada caso de uso, selecione um conjunto de cenários relevantes.O cenário correspondente ao fluxo principal do caso de uso deve ser incluído. Considere também fluxos alternativos e de exceção que tenham potencial em demandar responsabilidades de uma ou mais classes.  69  MBA em Engenharia de Software a Distância  ]]></slidetext>
      <animations>
      </animations>
      <waitforuser>false</waitforuser>
      <totalframes>508</totalframes>
      <time>00:00:25</time>
      <transitionmediaurl />
    </slide>
    <slide id="70">
      <transition>
      </transition>
      <width>720</width>
      <height>540</height>
      <transitionurl>
      </transitionurl>
      <embeddedsound>
        <audio onclick="false" type="n" repeat="false" startframe="1" duration="1" />
      </embeddedsound>
      <slidenavigation onclick="true" slideadvmode="true" />
      <fileurl>Slides/slide70.swf</fileurl>
      <slideimage height="150" width="200">Images/slide70_200,150.jpg</slideimage>
      <title><![CDATA[Slide 70]]></title>
      <notes><![CDATA[]]></notes>
      <slidetext><![CDATA[Para cada cenário selecionado, identifique os eventos de sistema:Posicione o(s) ator(es), objeto de fronteira e objeto de controle no diagrama.Para cada passo do cenário selecionado, defina as mensagens a serem enviadas de um objeto a outro.Defina as cláusulas de condição e de iteração, se existirem, para as mensagens.Adicione multiobjetos e objetos de entidade à medida que a sua participação se faça necessária no cenário selecionado.  70  MBA em Engenharia de Software a Distância  ]]></slidetext>
      <animations>
      </animations>
      <waitforuser>false</waitforuser>
      <totalframes>825</totalframes>
      <time>00:00:41</time>
      <transitionmediaurl />
    </slide>
    <slide id="71">
      <transition>
      </transition>
      <width>720</width>
      <height>540</height>
      <transitionurl>
      </transitionurl>
      <embeddedsound>
        <audio onclick="false" type="n" repeat="false" startframe="1" duration="1" />
      </embeddedsound>
      <slidenavigation onclick="true" slideadvmode="true" />
      <fileurl>Slides/slide71.swf</fileurl>
      <slideimage height="150" width="200">Images/slide71_200,150.jpg</slideimage>
      <title><![CDATA[Slide 71]]></title>
      <notes><![CDATA[71]]></notes>
      <slidetext><![CDATA[Observações sobre o procedimentoA definição das mensagens deve ser feita com base nas responsabilidades de cada objeto envolvido:O nome da mensagemOs argumentos de cada mensagem, se existirem.O valor de retorno da operação correspondente, se existir.Cláusulas de condição e de repetição, se existirem.  71  MBA em Engenharia de Software a Distância  ]]></slidetext>
      <animations>
      </animations>
      <waitforuser>false</waitforuser>
      <totalframes>520</totalframes>
      <time>00:00:26</time>
      <transitionmediaurl />
    </slide>
    <slide id="72">
      <transition>
      </transition>
      <width>720</width>
      <height>540</height>
      <transitionurl>
      </transitionurl>
      <embeddedsound>
        <audio onclick="false" type="n" repeat="false" startframe="1" duration="1" />
      </embeddedsound>
      <slidenavigation onclick="true" slideadvmode="true" />
      <fileurl>Slides/slide72.swf</fileurl>
      <slideimage height="150" width="200">Images/slide72_200,150.jpg</slideimage>
      <title><![CDATA[Slide 72]]></title>
      <notes><![CDATA[72]]></notes>
      <slidetext><![CDATA[A maioria dos objetos já devem ter sido identificados durante a construção do modelo de classes.Verificar as consistências:Cada cenário relevante para cada caso de uso foi considerado?A mensagens que um objeto recebe estão consistentes com suas responsabilidades?As mensagens de um ator a um objeto de fronteira normalmente são rotuladas com a informação fornecida  72  MBA em Engenharia de Software a Distância  ]]></slidetext>
      <animations>
      </animations>
      <waitforuser>false</waitforuser>
      <totalframes>881</totalframes>
      <time>00:00:44</time>
      <transitionmediaurl />
    </slide>
    <slide id="73">
      <transition>
      </transition>
      <width>720</width>
      <height>540</height>
      <transitionurl>
      </transitionurl>
      <embeddedsound>
        <audio onclick="false" type="n" repeat="false" startframe="1" duration="1" />
      </embeddedsound>
      <slidenavigation onclick="true" slideadvmode="true" />
      <fileurl>Slides/slide73.swf</fileurl>
      <slideimage height="150" width="200">Images/slide73_200,150.jpg</slideimage>
      <title><![CDATA[Slide 73]]></title>
      <notes><![CDATA[73]]></notes>
      <slidetext><![CDATA[Observações sobre o procedimentoMais de um controlador podem ser criados em um mesmo caso de uso, dependendo de sua complexidade.Mensagens enviadas pelo objeto de fronteira por conta de um evento de sistema resultam na necessidade de definir operações de sistema no objeto controlador do caso de uso.  73  MBA em Engenharia de Software a Distância  ]]></slidetext>
      <animations>
      </animations>
      <waitforuser>false</waitforuser>
      <totalframes>1086</totalframes>
      <time>00:00:54</time>
      <transitionmediaurl />
    </slide>
    <slide id="74">
      <transition>
      </transition>
      <width>720</width>
      <height>540</height>
      <transitionurl>
      </transitionurl>
      <embeddedsound>
        <audio onclick="false" type="n" repeat="false" startframe="1" duration="1" />
      </embeddedsound>
      <slidenavigation onclick="true" slideadvmode="true" />
      <fileurl>Slides/slide74.swf</fileurl>
      <slideimage height="150" width="200">Images/slide74_200,150.jpg</slideimage>
      <title><![CDATA[Slide 74]]></title>
      <notes><![CDATA[74]]></notes>
      <slidetext><![CDATA[Modelo de interações em um processo iterativoSão utilizados na fase de construção de um ciclo de vida incremental e iterativo.São construídos para os casos de uso alocados para uma iteração desta fase.Há controvérsias sobre o momento de início da utilização desse modelo (se na análise ou se no projeto).  74  MBA em Engenharia de Software a Distância  ]]></slidetext>
      <animations>
      </animations>
      <waitforuser>false</waitforuser>
      <totalframes>509</totalframes>
      <time>00:00:25</time>
      <transitionmediaurl />
    </slide>
    <slide id="75">
      <transition>
      </transition>
      <width>720</width>
      <height>540</height>
      <transitionurl>
      </transitionurl>
      <embeddedsound>
        <audio onclick="false" type="n" repeat="false" startframe="1" duration="1" />
      </embeddedsound>
      <slidenavigation onclick="true" slideadvmode="true" />
      <fileurl>Slides/slide75.swf</fileurl>
      <slideimage height="150" width="200">Images/slide75_200,150.jpg</slideimage>
      <title><![CDATA[Slide 75]]></title>
      <notes><![CDATA[75]]></notes>
      <slidetext><![CDATA[Inicialmente (+análise), pode exibir apenas os objetos participantes e mensagens exibindo somente o nome da operação (ou nome da responsabilidade).Posteriormente (+projeto), pode ser refinado.criação e destruição de objetos, tipo e assinatura completa de cada mensagem, etc.  75  MBA em Engenharia de Software a Distância  ]]></slidetext>
      <animations>
      </animations>
      <waitforuser>false</waitforuser>
      <totalframes>620</totalframes>
      <time>00:00:31</time>
      <transitionmediaurl />
    </slide>
    <slide id="76">
      <transition>
      </transition>
      <width>720</width>
      <height>540</height>
      <transitionurl>
      </transitionurl>
      <embeddedsound>
        <audio onclick="false" type="n" repeat="false" startframe="1" duration="1" />
      </embeddedsound>
      <slidenavigation onclick="true" slideadvmode="true" />
      <fileurl>Slides/slide76.swf</fileurl>
      <slideimage height="150" width="200">Images/slide76_200,150.jpg</slideimage>
      <title><![CDATA[Slide 76]]></title>
      <notes><![CDATA[76]]></notes>
      <slidetext><![CDATA[Embora modelos de um SSOO representem visões distintas, eles são interdependentes e complementares.O modelo de caso de uso fornece cenários a serem considerados pelo MI.O modelo de classes de análise fornece objetos iniciais para o MI.  76  MBA em Engenharia de Software a Distância  ]]></slidetext>
      <animations>
      </animations>
      <waitforuser>false</waitforuser>
      <totalframes>547</totalframes>
      <time>00:00:27</time>
      <transitionmediaurl />
    </slide>
    <slide id="77">
      <transition>
      </transition>
      <width>720</width>
      <height>540</height>
      <transitionurl>
      </transitionurl>
      <embeddedsound>
        <audio onclick="false" type="n" repeat="false" startframe="1" duration="1" />
      </embeddedsound>
      <slidenavigation onclick="true" slideadvmode="true" />
      <fileurl>Slides/slide77.swf</fileurl>
      <slideimage height="150" width="200">Images/slide77_200,150.jpg</slideimage>
      <title><![CDATA[Slide 77]]></title>
      <notes><![CDATA[77]]></notes>
      <slidetext><![CDATA[A construção do MI fornece informações úteis para transformar o modelo de classes de análise no modelo de classes de especificação. Em particular, MI fornece os seguintes itens para refinar o modelo de classes de análise:Detalhamento de operaçõesDetalhamento de associaçõesOperações para classesNovos atributos para classesNovas classes  77  MBA em Engenharia de Software a Distância  ]]></slidetext>
      <animations>
      </animations>
      <waitforuser>false</waitforuser>
      <totalframes>643</totalframes>
      <time>00:00:32</time>
      <transitionmediaurl />
    </slide>
    <slide id="78">
      <transition>
      </transition>
      <width>720</width>
      <height>540</height>
      <transitionurl>
      </transitionurl>
      <embeddedsound>
        <audio onclick="false" type="n" repeat="false" startframe="1" duration="1" />
      </embeddedsound>
      <slidenavigation onclick="true" slideadvmode="true" />
      <fileurl>Slides/slide78.swf</fileurl>
      <slideimage height="150" width="200">Images/slide78_200,150.jpg</slideimage>
      <title><![CDATA[Slide 78]]></title>
      <notes><![CDATA[78]]></notes>
      <slidetext><![CDATA[78  MBA em Engenharia de Software a Distância  ]]></slidetext>
      <animations>
      </animations>
      <waitforuser>false</waitforuser>
      <totalframes>1370</totalframes>
      <time>00:01:08</time>
      <transitionmediaurl />
    </slide>
    <slide id="79">
      <transition>
      </transition>
      <width>720</width>
      <height>540</height>
      <transitionurl>
      </transitionurl>
      <embeddedsound>
        <audio onclick="false" type="n" repeat="false" startframe="1" duration="1" />
      </embeddedsound>
      <slidenavigation onclick="true" slideadvmode="true" />
      <fileurl>Slides/slide79.swf</fileurl>
      <slideimage height="150" width="200">Images/slide79_200,150.jpg</slideimage>
      <title><![CDATA[Slide 79]]></title>
      <notes><![CDATA[]]></notes>
      <slidetext><![CDATA[DiscussãoComo informações são passadas de um objeto a outro em um sistema OO? Quando utilizar diagramas de interações (sequência ou comunicação)?Há alternativas para esse momento?Qual é a consequência da construção dos DI’s sobre os demais artefatos do sistema.Há possibilidade de geração de código a partir de um diagrama de interações?  79  MBA em Engenharia de Software a Distância  ]]></slidetext>
      <animations>
      </animations>
      <waitforuser>false</waitforuser>
      <totalframes>722</totalframes>
      <time>00:00:36</time>
      <transitionmediaurl />
    </slide>
  </slides>
</presentation>