﻿<?xml version="1.0" encoding="UTF-8"?>
<presentation>
  <properties>
    <title><![CDATA[Verificacao Validacao e Teste de software_aula5]]></title>
    <creationdate>19/11/2009 14:33:51</creationdate>
    <audio>on</audio>
    <navigationonclick>false</navigationonclick>
    <animations>true</animations>
    <transitions>false</transitions>
    <sdkversion>07</sdkversion>
    <release>1.1</release>
    <soundacrossslides>false</soundacrossslides>
    <defaulturl>Slides/default_0.swf</defaulturl>
    <video>
    </video>
    <templatecolor>Silver</templatecolor>
    <layout>E-Learning Standard</layout>
    <presentertitle><![CDATA[]]></presentertitle>
    <presentername><![CDATA[]]></presentername>
    <presentercompany><![CDATA[]]></presentercompany>
    <presenteremail><![CDATA[]]></presenteremail>
    <presentationtitle>Verificacao Validacao e Teste de software_aula5</presentationtitle>
    <powerpointfile>Verificacao Validacao e Teste de software_aula5.ppt</powerpointfile>
    <presentationdescription><![CDATA[]]></presentationdescription>
    <presentationkeywords>Processo de Teste,Ciclo de Vida do Processo de Teste</presentationkeywords>
    <audioquality>Medium</audioquality>
    <imagequality>9</imagequality>
    <showslidenotesinoutput>True</showslidenotesinoutput>
    <usenarrations>True</usenarrations>
  </properties>
  <slides>
    <slide id="1">
      <transition>
      </transition>
      <width>720</width>
      <height>540</height>
      <transitionurl>
      </transitionurl>
      <embeddedsound>
        <audio onclick="false" type="n" repeat="false" startframe="1" duration="1" />
      </embeddedsound>
      <slidenavigation onclick="true" slideadvmode="true" />
      <fileurl>Slides/slide1.swf</fileurl>
      <slideimage height="150" width="200">Images/slide1_200,150.jpg</slideimage>
      <title><![CDATA[Slide 1]]></title>
      <notes><![CDATA[]]></notes>
      <slidetext><![CDATA[MBA em Engenharia de Software à Distância  Profª. Cleziana de Freitas CostaCleziana.costa@gmail.com  Verificação, Validação e Teste de Software  ]]></slidetext>
      <animations>
      </animations>
      <waitforuser>false</waitforuser>
      <totalframes>380</totalframes>
      <time>00:00:19</time>
      <transitionmediaurl />
    </slide>
    <slide id="2">
      <transition>5,PixelDissolve,0.5,80,80</transition>
      <width>720</width>
      <height>540</height>
      <transitionurl>
      </transitionurl>
      <embeddedsound>
        <audio onclick="false" type="n" repeat="false" startframe="1" duration="1" />
      </embeddedsound>
      <slidenavigation onclick="true" slideadvmode="true" />
      <fileurl>Slides/slide2.swf</fileurl>
      <slideimage height="150" width="200">Images/slide2_200,150.jpg</slideimage>
      <title><![CDATA[Slide 2]]></title>
      <notes><![CDATA[]]></notes>
      <slidetext><![CDATA[MBA em Engenharia de Software à Distância  Você está aqui!  ]]></slidetext>
      <animations>
      </animations>
      <waitforuser>false</waitforuser>
      <totalframes>192</totalframes>
      <time>00:00:09</time>
      <transitionmediaurl />
    </slide>
    <slide id="3">
      <transition>5,PixelDissolve,0.5,80,80</transition>
      <width>720</width>
      <height>540</height>
      <transitionurl>
      </transitionurl>
      <embeddedsound>
        <audio onclick="false" type="n" repeat="false" startframe="1" duration="1" />
      </embeddedsound>
      <slidenavigation onclick="true" slideadvmode="true" />
      <fileurl>Slides/slide3.swf</fileurl>
      <slideimage height="150" width="200">Images/slide3_200,150.jpg</slideimage>
      <title><![CDATA[Slide 3]]></title>
      <notes><![CDATA[]]></notes>
      <slidetext><![CDATA[MBA em Engenharia de Software à Distância  Objetivos da Aula  Descrever o processo de teste; Descrever  as etapas do ciclo de vida do processo de teste; Identificar os profissionais envolvidos no processo de teste; Explicar a etapa dos Procedimentos  iniciais do teste; Explicar a etapa de Preparação dos testes; Explicar a etapa de Planejamento; Explicar a etapa de Especificação; Explicar a etapa de Execução dos testes; Explicar a etapa de Entrega dos testes.  Profª Cleziana de Freitas Costa  ]]></slidetext>
      <animations>
      </animations>
      <waitforuser>false</waitforuser>
      <totalframes>988</totalframes>
      <time>00:00:49</time>
      <transitionmediaurl />
    </slide>
    <slide id="4">
      <transition>
      </transition>
      <width>720</width>
      <height>540</height>
      <transitionurl>
      </transitionurl>
      <embeddedsound>
        <audio onclick="false" type="n" repeat="false" startframe="1" duration="1" />
      </embeddedsound>
      <slidenavigation onclick="true" slideadvmode="true" />
      <fileurl>Slides/slide4.swf</fileurl>
      <slideimage height="150" width="200">Images/slide4_200,150.jpg</slideimage>
      <title><![CDATA[Slide 4]]></title>
      <notes><![CDATA[]]></notes>
      <slidetext><![CDATA[MBA em Engenharia de Software à Distância: Verificação, Validação e Teste de Software  ProcessoAto de proceder, de ir por diante. (Míni Aurélio – Dicionário da língua portuguesa, 6ª edição);Teste Testar é o processo de executar um programa ou sistema com a intenção de encontrar defeitos (teste negativo). (Glen Myers - 1979);  Processo de Teste  Profª Cleziana de Freitas Costa  ]]></slidetext>
      <animations>
      </animations>
      <waitforuser>false</waitforuser>
      <totalframes>1095</totalframes>
      <time>00:00:54</time>
      <transitionmediaurl />
    </slide>
    <slide id="5">
      <transition>
      </transition>
      <width>720</width>
      <height>540</height>
      <transitionurl>
      </transitionurl>
      <embeddedsound>
        <audio onclick="false" type="n" repeat="false" startframe="1" duration="1" />
      </embeddedsound>
      <slidenavigation onclick="true" slideadvmode="true" />
      <fileurl>Slides/slide5.swf</fileurl>
      <slideimage height="150" width="200">Images/slide5_200,150.jpg</slideimage>
      <title><![CDATA[Processo de Teste]]></title>
      <notes><![CDATA[]]></notes>
      <slidetext><![CDATA[Processo de Teste  O processo de teste compreende fundamentalmente o planejamento, a especificação, a execução, o registro, a verificação da finalização e as atividades de fechamento. Glossário - BSTQB  Profª Cleziana de Freitas Costa  ]]></slidetext>
      <animations>
      </animations>
      <waitforuser>false</waitforuser>
      <totalframes>635</totalframes>
      <time>00:00:31</time>
      <transitionmediaurl />
    </slide>
    <slide id="6">
      <transition>
      </transition>
      <width>720</width>
      <height>540</height>
      <transitionurl>
      </transitionurl>
      <embeddedsound>
        <audio onclick="false" type="n" repeat="false" startframe="1" duration="1" />
      </embeddedsound>
      <slidenavigation onclick="true" slideadvmode="true" />
      <fileurl>Slides/slide6.swf</fileurl>
      <slideimage height="150" width="200">Images/slide6_200,150.jpg</slideimage>
      <title><![CDATA[Processo de Teste]]></title>
      <notes><![CDATA[]]></notes>
      <slidetext><![CDATA[Processo de Teste  Profª Cleziana de Freitas Costa  ]]></slidetext>
      <animations>
      </animations>
      <waitforuser>false</waitforuser>
      <totalframes>1796</totalframes>
      <time>00:01:29</time>
      <transitionmediaurl />
    </slide>
    <slide id="7">
      <transition>
      </transition>
      <width>720</width>
      <height>540</height>
      <transitionurl>
      </transitionurl>
      <embeddedsound>
        <audio onclick="false" type="n" repeat="false" startframe="1" duration="1" />
      </embeddedsound>
      <slidenavigation onclick="true" slideadvmode="true" />
      <fileurl>Slides/slide7.swf</fileurl>
      <slideimage height="150" width="200">Images/slide7_200,150.jpg</slideimage>
      <title><![CDATA[Processo de Teste]]></title>
      <notes><![CDATA[]]></notes>
      <slidetext><![CDATA[Processo de Teste  Profª Cleziana de Freitas Costa    Visão geral do teste  ]]></slidetext>
      <animations>
      </animations>
      <waitforuser>false</waitforuser>
      <totalframes>1274</totalframes>
      <time>00:01:03</time>
      <transitionmediaurl />
    </slide>
    <slide id="8">
      <transition>
      </transition>
      <width>720</width>
      <height>540</height>
      <transitionurl>
      </transitionurl>
      <embeddedsound>
        <audio onclick="false" type="n" repeat="false" startframe="1" duration="1" />
      </embeddedsound>
      <slidenavigation onclick="true" slideadvmode="true" />
      <fileurl>Slides/slide8.swf</fileurl>
      <slideimage height="150" width="200">Images/slide8_200,150.jpg</slideimage>
      <title><![CDATA[Processo de Teste]]></title>
      <notes><![CDATA[]]></notes>
      <slidetext><![CDATA[Processo de Teste  Profª Cleziana de Freitas Costa  ]]></slidetext>
      <animations>
      </animations>
      <waitforuser>false</waitforuser>
      <totalframes>668</totalframes>
      <time>00:00:33</time>
      <transitionmediaurl />
    </slide>
    <slide id="9">
      <transition>
      </transition>
      <width>720</width>
      <height>540</height>
      <transitionurl>
      </transitionurl>
      <embeddedsound>
        <audio onclick="false" type="n" repeat="false" startframe="1" duration="1" />
      </embeddedsound>
      <slidenavigation onclick="true" slideadvmode="true" />
      <fileurl>Slides/slide9.swf</fileurl>
      <slideimage height="150" width="200">Images/slide9_200,150.jpg</slideimage>
      <title><![CDATA[Ciclo de Vida do Processo de Teste]]></title>
      <notes><![CDATA[]]></notes>
      <slidetext><![CDATA[Ciclo de Vida do Processo de Teste  Profª Cleziana de Freitas Costa  ]]></slidetext>
      <animations>
      </animations>
      <waitforuser>false</waitforuser>
      <totalframes>762</totalframes>
      <time>00:00:38</time>
      <transitionmediaurl />
    </slide>
    <slide id="10">
      <transition>
      </transition>
      <width>720</width>
      <height>540</height>
      <transitionurl>
      </transitionurl>
      <embeddedsound>
        <audio onclick="false" type="n" repeat="false" startframe="1" duration="1" />
      </embeddedsound>
      <slidenavigation onclick="true" slideadvmode="true" />
      <fileurl>Slides/slide10.swf</fileurl>
      <slideimage height="150" width="200">Images/slide10_200,150.jpg</slideimage>
      <title><![CDATA[Slide 10]]></title>
      <notes><![CDATA[]]></notes>
      <slidetext><![CDATA[Responsáveis pelo Processo de Teste Líder do projeto de Teste; Arquiteto de Teste; Analista de Teste; Testador.  Ciclo de Vida do Processo de Teste  Profª Cleziana de Freitas Costa  ]]></slidetext>
      <animations>
      </animations>
      <waitforuser>false</waitforuser>
      <totalframes>1932</totalframes>
      <time>00:01:36</time>
      <transitionmediaurl />
    </slide>
    <slide id="11">
      <transition>
      </transition>
      <width>720</width>
      <height>540</height>
      <transitionurl>
      </transitionurl>
      <embeddedsound>
        <audio onclick="false" type="n" repeat="false" startframe="1" duration="1" />
      </embeddedsound>
      <slidenavigation onclick="true" slideadvmode="true" />
      <fileurl>Slides/slide11.swf</fileurl>
      <slideimage height="150" width="200">Images/slide11_200,150.jpg</slideimage>
      <title><![CDATA[Slide 11]]></title>
      <notes><![CDATA[]]></notes>
      <slidetext><![CDATA[Procedimentos Iniciais	É uma fase pequena, onde traçamos um pequeno esboço do processo de teste, realizamos um estudo dos requisitos dos negócios que dará origem ao sistema de informação a ser desenvolvido.Profissional responsável Líder do Projeto; Arquiteto de Teste; Analista de Teste.  Procedimentos Iniciais  Profª Cleziana de Freitas Costa  ]]></slidetext>
      <animations>
      </animations>
      <waitforuser>false</waitforuser>
      <totalframes>1379</totalframes>
      <time>00:01:08</time>
      <transitionmediaurl />
    </slide>
    <slide id="12">
      <transition>
      </transition>
      <width>720</width>
      <height>540</height>
      <transitionurl>
      </transitionurl>
      <embeddedsound>
        <audio onclick="false" type="n" repeat="false" startframe="1" duration="1" />
      </embeddedsound>
      <slidenavigation onclick="true" slideadvmode="true" />
      <fileurl>Slides/slide12.swf</fileurl>
      <slideimage height="150" width="200">Images/slide12_200,150.jpg</slideimage>
      <title><![CDATA[Slide 12]]></title>
      <notes><![CDATA[]]></notes>
      <slidetext><![CDATA[Preparação	 Etapa onde preparamos o ambiente de teste para que os testes possam ser executados. Profissional responsável Líder do Projeto; Arquiteto de Teste;  Preparação  Profª Cleziana de Freitas Costa  ]]></slidetext>
      <animations>
      </animations>
      <waitforuser>false</waitforuser>
      <totalframes>1202</totalframes>
      <time>00:01:00</time>
      <transitionmediaurl />
    </slide>
    <slide id="13">
      <transition>
      </transition>
      <width>720</width>
      <height>540</height>
      <transitionurl>
      </transitionurl>
      <embeddedsound>
        <audio onclick="false" type="n" repeat="false" startframe="1" duration="1" />
      </embeddedsound>
      <slidenavigation onclick="true" slideadvmode="true" />
      <fileurl>Slides/slide13.swf</fileurl>
      <slideimage height="150" width="200">Images/slide13_200,150.jpg</slideimage>
      <title><![CDATA[Slide 13]]></title>
      <notes><![CDATA[]]></notes>
      <slidetext><![CDATA[Planejamento	Planejar é fazer um plano.Planejamento de teste	Atividade relacionada ao estabelecimento ou à atualização de um plano.  Planejamento  Profª Cleziana de Freitas Costa  ]]></slidetext>
      <animations>
      </animations>
      <waitforuser>false</waitforuser>
      <totalframes>1076</totalframes>
      <time>00:00:53</time>
      <transitionmediaurl />
    </slide>
    <slide id="14">
      <transition>
      </transition>
      <width>720</width>
      <height>540</height>
      <transitionurl>
      </transitionurl>
      <embeddedsound>
        <audio onclick="false" type="n" repeat="false" startframe="1" duration="1" />
      </embeddedsound>
      <slidenavigation onclick="true" slideadvmode="true" />
      <fileurl>Slides/slide14.swf</fileurl>
      <slideimage height="150" width="200">Images/slide14_200,150.jpg</slideimage>
      <title><![CDATA[Slide 14]]></title>
      <notes><![CDATA[]]></notes>
      <slidetext><![CDATA[Profissional responsável Líder do Projeto – Com apóio do Arquiteto de Teste e Analista de Teste.Artefato Gerado Plano de teste  Planejamento  Profª Cleziana de Freitas Costa  ]]></slidetext>
      <animations>
      </animations>
      <waitforuser>false</waitforuser>
      <totalframes>1754</totalframes>
      <time>00:01:27</time>
      <transitionmediaurl />
    </slide>
    <slide id="15">
      <transition>
      </transition>
      <width>720</width>
      <height>540</height>
      <transitionurl>
      </transitionurl>
      <embeddedsound>
        <audio onclick="false" type="n" repeat="false" startframe="1" duration="1" />
      </embeddedsound>
      <slidenavigation onclick="true" slideadvmode="true" />
      <fileurl>Slides/slide15.swf</fileurl>
      <slideimage height="150" width="200">Images/slide15_200,150.jpg</slideimage>
      <title><![CDATA[Slide 15]]></title>
      <notes><![CDATA[]]></notes>
      <slidetext><![CDATA[Plano de TesteO plano de teste é o documento básico para a gerência do projetode teste e a base para a sua monitoração e controle.Características do Plano de Teste Documento básico do planejamento; Escopo de referência para execução dos testes; Documento de comunicação junto ao cliente; Descreve as responsabilidades de cada um na execução dos testes; Descreve os procedimentos a serem cumpridos pelo teste; Descreve ambiente e ferramentas utilizadas pelo teste;  Planejamento  Profª Cleziana de Freitas Costa  ]]></slidetext>
      <animations>
      </animations>
      <waitforuser>false</waitforuser>
      <totalframes>1919</totalframes>
      <time>00:01:35</time>
      <transitionmediaurl />
    </slide>
    <slide id="16">
      <transition>
      </transition>
      <width>720</width>
      <height>540</height>
      <transitionurl>
      </transitionurl>
      <embeddedsound>
        <audio onclick="false" type="n" repeat="false" startframe="1" duration="1" />
      </embeddedsound>
      <slidenavigation onclick="true" slideadvmode="true" />
      <fileurl>Slides/slide16.swf</fileurl>
      <slideimage height="150" width="200">Images/slide16_200,150.jpg</slideimage>
      <title><![CDATA[Slide 16]]></title>
      <notes><![CDATA[]]></notes>
      <slidetext><![CDATA[Como elaborar Plano de Teste?	Deve ser elaborado usando como base os requisitos da aplicação e os requisitos do negócio.Devemos estabelecer: O que vai ser testado; Durante quanto tempo; Quando os testes serão interrompidos. Profissional responsável Líder do Projeto – Apoiado da equipe de teste.  Planejamento  Profª Cleziana de Freitas Costa  ]]></slidetext>
      <animations>
      </animations>
      <waitforuser>false</waitforuser>
      <totalframes>914</totalframes>
      <time>00:00:45</time>
      <transitionmediaurl />
    </slide>
    <slide id="17">
      <transition>
      </transition>
      <width>720</width>
      <height>540</height>
      <transitionurl>
      </transitionurl>
      <embeddedsound>
        <audio onclick="false" type="n" repeat="false" startframe="1" duration="1" />
      </embeddedsound>
      <slidenavigation onclick="true" slideadvmode="true" />
      <fileurl>Slides/slide17.swf</fileurl>
      <slideimage height="150" width="200">Images/slide17_200,150.jpg</slideimage>
      <title><![CDATA[Slide 17]]></title>
      <notes><![CDATA[]]></notes>
      <slidetext><![CDATA[Plano de Teste	Quanto mais detalhado for este plano, mais fácil será o trabalho da equipe de teste na execução do processo de teste e na elaboração dos artefatos de teste.Tipos de Plano de Teste	 IEEE; QAI; PMBOK.O plano de teste é o documento básico do planejamento do projeto de teste.  Planejamento  Profª Cleziana de Freitas Costa  ]]></slidetext>
      <animations>
      </animations>
      <waitforuser>false</waitforuser>
      <totalframes>1209</totalframes>
      <time>00:01:00</time>
      <transitionmediaurl />
    </slide>
    <slide id="18">
      <transition>
      </transition>
      <width>720</width>
      <height>540</height>
      <transitionurl>
      </transitionurl>
      <embeddedsound>
        <audio onclick="false" type="n" repeat="false" startframe="1" duration="1" />
      </embeddedsound>
      <slidenavigation onclick="true" slideadvmode="true" />
      <fileurl>Slides/slide18.swf</fileurl>
      <slideimage height="150" width="200">Images/slide18_200,150.jpg</slideimage>
      <title><![CDATA[Slide 18]]></title>
      <notes><![CDATA[]]></notes>
      <slidetext><![CDATA[Plano de Teste segundo a norma IEEE 829:  Planejamento  Profª Cleziana de Freitas Costa  ]]></slidetext>
      <animations>
      </animations>
      <waitforuser>false</waitforuser>
      <totalframes>3032</totalframes>
      <time>00:02:31</time>
      <transitionmediaurl />
    </slide>
    <slide id="19">
      <transition>
      </transition>
      <width>720</width>
      <height>540</height>
      <transitionurl>
      </transitionurl>
      <embeddedsound>
        <audio onclick="false" type="n" repeat="false" startframe="1" duration="1" />
      </embeddedsound>
      <slidenavigation onclick="true" slideadvmode="true" />
      <fileurl>Slides/slide19.swf</fileurl>
      <slideimage height="150" width="200">Images/slide19_200,150.jpg</slideimage>
      <title><![CDATA[Slide 19]]></title>
      <notes><![CDATA[]]></notes>
      <slidetext><![CDATA[Plano de Teste segundo a QAI:  Planejamento  Profª Cleziana de Freitas Costa  ]]></slidetext>
      <animations>
      </animations>
      <waitforuser>false</waitforuser>
      <totalframes>1777</totalframes>
      <time>00:01:28</time>
      <transitionmediaurl />
    </slide>
    <slide id="20">
      <transition>
      </transition>
      <width>720</width>
      <height>540</height>
      <transitionurl>
      </transitionurl>
      <embeddedsound>
        <audio onclick="false" type="n" repeat="false" startframe="1" duration="1" />
      </embeddedsound>
      <slidenavigation onclick="true" slideadvmode="true" />
      <fileurl>Slides/slide20.swf</fileurl>
      <slideimage height="150" width="200">Images/slide20_200,150.jpg</slideimage>
      <title><![CDATA[Slide 20]]></title>
      <notes><![CDATA[]]></notes>
      <slidetext><![CDATA[Plano de Teste segundo PMBOK:  Planejamento  Profª Cleziana de Freitas Costa  ]]></slidetext>
      <animations>
      </animations>
      <waitforuser>false</waitforuser>
      <totalframes>1806</totalframes>
      <time>00:01:30</time>
      <transitionmediaurl />
    </slide>
    <slide id="21">
      <transition>
      </transition>
      <width>720</width>
      <height>540</height>
      <transitionurl>
      </transitionurl>
      <embeddedsound>
        <audio onclick="false" type="n" repeat="false" startframe="1" duration="1" />
      </embeddedsound>
      <slidenavigation onclick="true" slideadvmode="true" />
      <fileurl>Slides/slide21.swf</fileurl>
      <slideimage height="150" width="200">Images/slide21_200,150.jpg</slideimage>
      <title><![CDATA[Slide 21]]></title>
      <notes><![CDATA[]]></notes>
      <slidetext><![CDATA[Especificação	“Documento que especifica, idealmente de modo completo, preciso e passível de verificação, os requisitos, o modelagem, a comportamento ou outras características de um componente ou sistema, e freqüentemente também os procedimentos que determinam se essas disposições foram satisfeitas. [Subsequente a IEEE 610]”  Especificação  Profª Cleziana de Freitas Costa  ]]></slidetext>
      <animations>
      </animations>
      <waitforuser>false</waitforuser>
      <totalframes>1067</totalframes>
      <time>00:00:53</time>
      <transitionmediaurl />
    </slide>
    <slide id="22">
      <transition>
      </transition>
      <width>720</width>
      <height>540</height>
      <transitionurl>
      </transitionurl>
      <embeddedsound>
        <audio onclick="false" type="n" repeat="false" startframe="1" duration="1" />
      </embeddedsound>
      <slidenavigation onclick="true" slideadvmode="true" />
      <fileurl>Slides/slide22.swf</fileurl>
      <slideimage height="150" width="200">Images/slide22_200,150.jpg</slideimage>
      <title><![CDATA[Slide 22]]></title>
      <notes><![CDATA[]]></notes>
      <slidetext><![CDATA[Responsável pela Especificação Analista de Teste; Lider de Teste.Artefatos gerados nessa fase: Projeto de Teste Casos de Teste; Procedimentos de Teste; Relatório de Passagem de Itens  Especificação  Profª Cleziana de Freitas Costa  ]]></slidetext>
      <animations>
      </animations>
      <waitforuser>false</waitforuser>
      <totalframes>1892</totalframes>
      <time>00:01:34</time>
      <transitionmediaurl />
    </slide>
    <slide id="23">
      <transition>
      </transition>
      <width>720</width>
      <height>540</height>
      <transitionurl>
      </transitionurl>
      <embeddedsound>
        <audio onclick="false" type="n" repeat="false" startframe="1" duration="1" />
      </embeddedsound>
      <slidenavigation onclick="true" slideadvmode="true" />
      <fileurl>Slides/slide23.swf</fileurl>
      <slideimage height="150" width="200">Images/slide23_200,150.jpg</slideimage>
      <title><![CDATA[Slide 23]]></title>
      <notes><![CDATA[]]></notes>
      <slidetext><![CDATA[Documento utilizado para refinar o Plano de Teste, utilizado para facilitar o entendimento e acompanhamento do Plano de Testes, através da sua abertura em diversos Projetos de Teste.  Especificação  Profª Cleziana de Freitas Costa  Projeto de Teste  ]]></slidetext>
      <animations>
      </animations>
      <waitforuser>false</waitforuser>
      <totalframes>1212</totalframes>
      <time>00:01:00</time>
      <transitionmediaurl />
    </slide>
    <slide id="24">
      <transition>
      </transition>
      <width>720</width>
      <height>540</height>
      <transitionurl>
      </transitionurl>
      <embeddedsound>
        <audio onclick="false" type="n" repeat="false" startframe="1" duration="1" />
      </embeddedsound>
      <slidenavigation onclick="true" slideadvmode="true" />
      <fileurl>Slides/slide24.swf</fileurl>
      <slideimage height="150" width="200">Images/slide24_200,150.jpg</slideimage>
      <title><![CDATA[Slide 24]]></title>
      <notes><![CDATA[]]></notes>
      <slidetext><![CDATA[Conteúdo do Projeto de Teste:  Especificação  Profª Cleziana de Freitas Costa  ]]></slidetext>
      <animations>
      </animations>
      <waitforuser>false</waitforuser>
      <totalframes>803</totalframes>
      <time>00:00:40</time>
      <transitionmediaurl />
    </slide>
    <slide id="25">
      <transition>
      </transition>
      <width>720</width>
      <height>540</height>
      <transitionurl>
      </transitionurl>
      <embeddedsound>
        <audio onclick="false" type="n" repeat="false" startframe="1" duration="1" />
      </embeddedsound>
      <slidenavigation onclick="true" slideadvmode="true" />
      <fileurl>Slides/slide25.swf</fileurl>
      <slideimage height="150" width="200">Images/slide25_200,150.jpg</slideimage>
      <title><![CDATA[Slide 25]]></title>
      <notes><![CDATA[]]></notes>
      <slidetext><![CDATA[Caso de Teste	O Caso de teste é a especificação mais detalhada do teste, com níveis de detalhes de campos de telas, formulários etc.“Estabelece o que será testado”.  Especificação  Profª Cleziana de Freitas Costa  ]]></slidetext>
      <animations>
      </animations>
      <waitforuser>false</waitforuser>
      <totalframes>1240</totalframes>
      <time>00:01:02</time>
      <transitionmediaurl />
    </slide>
    <slide id="26">
      <transition>
      </transition>
      <width>720</width>
      <height>540</height>
      <transitionurl>
      </transitionurl>
      <embeddedsound>
        <audio onclick="false" type="n" repeat="false" startframe="1" duration="1" />
      </embeddedsound>
      <slidenavigation onclick="true" slideadvmode="true" />
      <fileurl>Slides/slide26.swf</fileurl>
      <slideimage height="150" width="200">Images/slide26_200,150.jpg</slideimage>
      <title><![CDATA[Slide 26]]></title>
      <notes><![CDATA[]]></notes>
      <slidetext><![CDATA[Conteúdo do Caso de Teste:  Especificação  Profª Cleziana de Freitas Costa  ]]></slidetext>
      <animations>
      </animations>
      <waitforuser>false</waitforuser>
      <totalframes>1181</totalframes>
      <time>00:00:59</time>
      <transitionmediaurl />
    </slide>
    <slide id="27">
      <transition>
      </transition>
      <width>720</width>
      <height>540</height>
      <transitionurl>
      </transitionurl>
      <embeddedsound>
        <audio onclick="false" type="n" repeat="false" startframe="1" duration="1" />
      </embeddedsound>
      <slidenavigation onclick="true" slideadvmode="true" />
      <fileurl>Slides/slide27.swf</fileurl>
      <slideimage height="150" width="200">Images/slide27_200,150.jpg</slideimage>
      <title><![CDATA[Slide 27]]></title>
      <notes><![CDATA[]]></notes>
      <slidetext><![CDATA[Procedimento de Teste	Especifica os passos necessários para executar um grupo de casos de teste. Procedimento de Teste = Roteiro de Teste.  Especificação  Profª Cleziana de Freitas Costa  ]]></slidetext>
      <animations>
      </animations>
      <waitforuser>false</waitforuser>
      <totalframes>421</totalframes>
      <time>00:00:21</time>
      <transitionmediaurl />
    </slide>
    <slide id="28">
      <transition>
      </transition>
      <width>720</width>
      <height>540</height>
      <transitionurl>
      </transitionurl>
      <embeddedsound>
        <audio onclick="false" type="n" repeat="false" startframe="1" duration="1" />
      </embeddedsound>
      <slidenavigation onclick="true" slideadvmode="true" />
      <fileurl>Slides/slide28.swf</fileurl>
      <slideimage height="150" width="200">Images/slide28_200,150.jpg</slideimage>
      <title><![CDATA[Slide 28]]></title>
      <notes><![CDATA[]]></notes>
      <slidetext><![CDATA[Conteúdo do Procedimento de Teste:  Especificação  Profª Cleziana de Freitas Costa  ]]></slidetext>
      <animations>
      </animations>
      <waitforuser>false</waitforuser>
      <totalframes>1932</totalframes>
      <time>00:01:36</time>
      <transitionmediaurl />
    </slide>
    <slide id="29">
      <transition>
      </transition>
      <width>720</width>
      <height>540</height>
      <transitionurl>
      </transitionurl>
      <embeddedsound>
        <audio onclick="false" type="n" repeat="false" startframe="1" duration="1" />
      </embeddedsound>
      <slidenavigation onclick="true" slideadvmode="true" />
      <fileurl>Slides/slide29.swf</fileurl>
      <slideimage height="150" width="200">Images/slide29_200,150.jpg</slideimage>
      <title><![CDATA[Slide 29]]></title>
      <notes><![CDATA[]]></notes>
      <slidetext><![CDATA[Relatório de Passagem de Itens			Identificar os itens de teste entregues para o teste, com os respectivos responsáveis, localização onde estão disponíveis para serem baixados e o estado de cada um desses artefatos ou item de teste.  Especificação  Profª Cleziana de Freitas Costa  ]]></slidetext>
      <animations>
      </animations>
      <waitforuser>false</waitforuser>
      <totalframes>715</totalframes>
      <time>00:00:35</time>
      <transitionmediaurl />
    </slide>
    <slide id="30">
      <transition>
      </transition>
      <width>720</width>
      <height>540</height>
      <transitionurl>
      </transitionurl>
      <embeddedsound>
        <audio onclick="false" type="n" repeat="false" startframe="1" duration="1" />
      </embeddedsound>
      <slidenavigation onclick="true" slideadvmode="true" />
      <fileurl>Slides/slide30.swf</fileurl>
      <slideimage height="150" width="200">Images/slide30_200,150.jpg</slideimage>
      <title><![CDATA[Slide 30]]></title>
      <notes><![CDATA[]]></notes>
      <slidetext><![CDATA[Relatório de Passagem de Itens			Devem fazer parte desse relatório todos os artefatos recebidos pela equipe de teste para a execução do seu trabalho.  Especificação  Profª Cleziana de Freitas Costa  ]]></slidetext>
      <animations>
      </animations>
      <waitforuser>false</waitforuser>
      <totalframes>1127</totalframes>
      <time>00:00:56</time>
      <transitionmediaurl />
    </slide>
    <slide id="31">
      <transition>
      </transition>
      <width>720</width>
      <height>540</height>
      <transitionurl>
      </transitionurl>
      <embeddedsound>
        <audio onclick="false" type="n" repeat="false" startframe="1" duration="1" />
      </embeddedsound>
      <slidenavigation onclick="true" slideadvmode="true" />
      <fileurl>Slides/slide31.swf</fileurl>
      <slideimage height="150" width="200">Images/slide31_200,150.jpg</slideimage>
      <title><![CDATA[Slide 31]]></title>
      <notes><![CDATA[]]></notes>
      <slidetext><![CDATA[Processo de executar um teste em um componente ou sistema sendo testado e que produz resultado(s) real(ais).[Glossário, BSTQB]Dicas para executar Teste corretamente: Executar teste conforme Caso de teste e Procedimentos de Teste; Executar teste de regressão quando houver mudanças de versões; Executar teste de regressão quando alterar o ambiente de teste; Guardar os registros da execução dos teste sob ferramentas de gestão dos testes.  Execução  Profª Cleziana de Freitas Costa  ]]></slidetext>
      <animations>
      </animations>
      <waitforuser>false</waitforuser>
      <totalframes>2752</totalframes>
      <time>00:02:17</time>
      <transitionmediaurl />
    </slide>
    <slide id="32">
      <transition>
      </transition>
      <width>720</width>
      <height>540</height>
      <transitionurl>
      </transitionurl>
      <embeddedsound>
        <audio onclick="false" type="n" repeat="false" startframe="1" duration="1" />
      </embeddedsound>
      <slidenavigation onclick="true" slideadvmode="true" />
      <fileurl>Slides/slide32.swf</fileurl>
      <slideimage height="150" width="200">Images/slide32_200,150.jpg</slideimage>
      <title><![CDATA[Slide 32]]></title>
      <notes><![CDATA[]]></notes>
      <slidetext><![CDATA[Responsável pela execução dos testes: Automatizador;Testador.Artefato gerado nessa fase: Relatório de log de Teste; Relatório de Incidentes.  Execução  Profª Cleziana de Freitas Costa  ]]></slidetext>
      <animations>
      </animations>
      <waitforuser>false</waitforuser>
      <totalframes>529</totalframes>
      <time>00:00:26</time>
      <transitionmediaurl />
    </slide>
    <slide id="33">
      <transition>
      </transition>
      <width>720</width>
      <height>540</height>
      <transitionurl>
      </transitionurl>
      <embeddedsound>
        <audio onclick="false" type="n" repeat="false" startframe="1" duration="1" />
      </embeddedsound>
      <slidenavigation onclick="true" slideadvmode="true" />
      <fileurl>Slides/slide33.swf</fileurl>
      <slideimage height="150" width="200">Images/slide33_200,150.jpg</slideimage>
      <title><![CDATA[Slide 33]]></title>
      <notes><![CDATA[]]></notes>
      <slidetext><![CDATA[Relatório de Log 	 Descreve tudo de relevante que ocorre durante o projeto de teste, de tal forma que seja um documento básico de registros de todas as atividades desenvolvidas e outras ocorrências. 	Pode ser considerado que o log seria um diário de ocorrências da atividade de execução dos testes.  Execução  Profª Cleziana de Freitas Costa  ]]></slidetext>
      <animations>
      </animations>
      <waitforuser>false</waitforuser>
      <totalframes>521</totalframes>
      <time>00:00:26</time>
      <transitionmediaurl />
    </slide>
    <slide id="34">
      <transition>
      </transition>
      <width>720</width>
      <height>540</height>
      <transitionurl>
      </transitionurl>
      <embeddedsound>
        <audio onclick="false" type="n" repeat="false" startframe="1" duration="1" />
      </embeddedsound>
      <slidenavigation onclick="true" slideadvmode="true" />
      <fileurl>Slides/slide34.swf</fileurl>
      <slideimage height="150" width="200">Images/slide34_200,150.jpg</slideimage>
      <title><![CDATA[Slide 34]]></title>
      <notes><![CDATA[]]></notes>
      <slidetext><![CDATA[Conteúdo do Relatório de Log 	O relatório de log é uma informação disponível em grande parte dos softwares de automação e sistemas operacionais.  Execução  Profª Cleziana de Freitas Costa  ]]></slidetext>
      <animations>
      </animations>
      <waitforuser>false</waitforuser>
      <totalframes>1723</totalframes>
      <time>00:01:26</time>
      <transitionmediaurl />
    </slide>
    <slide id="35">
      <transition>
      </transition>
      <width>720</width>
      <height>540</height>
      <transitionurl>
      </transitionurl>
      <embeddedsound>
        <audio onclick="false" type="n" repeat="false" startframe="1" duration="1" />
      </embeddedsound>
      <slidenavigation onclick="true" slideadvmode="true" />
      <fileurl>Slides/slide35.swf</fileurl>
      <slideimage height="150" width="200">Images/slide35_200,150.jpg</slideimage>
      <title><![CDATA[Slide 35]]></title>
      <notes><![CDATA[]]></notes>
      <slidetext><![CDATA[Relatório de Incidentes  	Registrar qualquer ocorrência no projeto de teste que requeira algum tipo de investigação. 		Registrar os defeitos ocorridos durante o teste de sistemas e que devem ser passados para a equipe de desenvolvimento tomar as providências pertinentes.  Execução  Profª Cleziana de Freitas Costa  ]]></slidetext>
      <animations>
      </animations>
      <waitforuser>false</waitforuser>
      <totalframes>585</totalframes>
      <time>00:00:29</time>
      <transitionmediaurl />
    </slide>
    <slide id="36">
      <transition>
      </transition>
      <width>720</width>
      <height>540</height>
      <transitionurl>
      </transitionurl>
      <embeddedsound>
        <audio onclick="false" type="n" repeat="false" startframe="1" duration="1" />
      </embeddedsound>
      <slidenavigation onclick="true" slideadvmode="true" />
      <fileurl>Slides/slide36.swf</fileurl>
      <slideimage height="150" width="200">Images/slide36_200,150.jpg</slideimage>
      <title><![CDATA[Slide 36]]></title>
      <notes><![CDATA[]]></notes>
      <slidetext><![CDATA[Conteúdo do Relatório de Incidentes:  Execução  Profª Cleziana de Freitas Costa  ]]></slidetext>
      <animations>
      </animations>
      <waitforuser>false</waitforuser>
      <totalframes>1697</totalframes>
      <time>00:01:24</time>
      <transitionmediaurl />
    </slide>
    <slide id="37">
      <transition>
      </transition>
      <width>720</width>
      <height>540</height>
      <transitionurl>
      </transitionurl>
      <embeddedsound>
        <audio onclick="false" type="n" repeat="false" startframe="1" duration="1" />
      </embeddedsound>
      <slidenavigation onclick="true" slideadvmode="true" />
      <fileurl>Slides/slide37.swf</fileurl>
      <slideimage height="150" width="200">Images/slide37_200,150.jpg</slideimage>
      <title><![CDATA[Slide 37]]></title>
      <notes><![CDATA[]]></notes>
      <slidetext><![CDATA[Conclusão do projeto de testesQuando o projeto de teste será concluída/arquivada toda a sua documentação e serão relatadas todas as ocorrências deste projeto que forem consideradas relevantes a melhoria do processo.ResponsávelEquipe de TesteArtefato gerado:Relatório Sumário de Teste  Entrega  Profª Cleziana de Freitas Costa  ]]></slidetext>
      <animations>
      </animations>
      <waitforuser>false</waitforuser>
      <totalframes>781</totalframes>
      <time>00:00:39</time>
      <transitionmediaurl />
    </slide>
    <slide id="38">
      <transition>
      </transition>
      <width>720</width>
      <height>540</height>
      <transitionurl>
      </transitionurl>
      <embeddedsound>
        <audio onclick="false" type="n" repeat="false" startframe="1" duration="1" />
      </embeddedsound>
      <slidenavigation onclick="true" slideadvmode="true" />
      <fileurl>Slides/slide38.swf</fileurl>
      <slideimage height="150" width="200">Images/slide38_200,150.jpg</slideimage>
      <title><![CDATA[Slide 38]]></title>
      <notes><![CDATA[]]></notes>
      <slidetext><![CDATA[Relatório Sumário de Teste	Fornecer um sumário das atividades de teste realizadas durante um determinado projeto e mostrar de forma resumida as ocorrências durante todas as atividades realizadas. O relatório Sumário de Teste fecha o projeto de teste.  Entrega  Profª Cleziana de Freitas Costa  ]]></slidetext>
      <animations>
      </animations>
      <waitforuser>false</waitforuser>
      <totalframes>579</totalframes>
      <time>00:00:28</time>
      <transitionmediaurl />
    </slide>
    <slide id="39">
      <transition>
      </transition>
      <width>720</width>
      <height>540</height>
      <transitionurl>
      </transitionurl>
      <embeddedsound>
        <audio onclick="false" type="n" repeat="false" startframe="1" duration="1" />
      </embeddedsound>
      <slidenavigation onclick="true" slideadvmode="true" />
      <fileurl>Slides/slide39.swf</fileurl>
      <slideimage height="150" width="200">Images/slide39_200,150.jpg</slideimage>
      <title><![CDATA[Slide 39]]></title>
      <notes><![CDATA[]]></notes>
      <slidetext><![CDATA[Conteúdo do Relatório Sumário de Teste  Entrega  Profª Cleziana de Freitas Costa  ]]></slidetext>
      <animations>
      </animations>
      <waitforuser>false</waitforuser>
      <totalframes>2488</totalframes>
      <time>00:02:04</time>
      <transitionmediaurl />
    </slide>
    <slide id="40">
      <transition>
      </transition>
      <width>720</width>
      <height>540</height>
      <transitionurl>
      </transitionurl>
      <embeddedsound>
        <audio onclick="false" type="n" repeat="false" startframe="1" duration="1" />
      </embeddedsound>
      <slidenavigation onclick="true" slideadvmode="true" />
      <fileurl>Slides/slide40.swf</fileurl>
      <slideimage height="150" width="200">Images/slide40_200,150.jpg</slideimage>
      <title><![CDATA[Slide 40]]></title>
      <notes><![CDATA[40]]></notes>
      <slidetext><![CDATA[MBA em Engenharia de Software à Distância Testes de Software - Leonardo Molinari; Base de Conhecimentos em Teste de Software – Anderson BASTOS Emerson  RIOS, Ricardo CRISTALLI, Trayahu MOREIRA; Glossário – BSTQB.  Profª Cleziana de Freitas Costa  ]]></slidetext>
      <animations>
      </animations>
      <waitforuser>false</waitforuser>
      <totalframes>362</totalframes>
      <time>00:00:18</time>
      <transitionmediaurl />
    </slide>
    <slide id="41">
      <transition>
      </transition>
      <width>720</width>
      <height>540</height>
      <transitionurl>
      </transitionurl>
      <embeddedsound>
        <audio onclick="false" type="n" repeat="false" startframe="1" duration="1" />
      </embeddedsound>
      <slidenavigation onclick="true" slideadvmode="true" />
      <fileurl>Slides/slide41.swf</fileurl>
      <slideimage height="150" width="200">Images/slide41_200,150.jpg</slideimage>
      <title><![CDATA[Slide 41]]></title>
      <notes><![CDATA[]]></notes>
      <slidetext><![CDATA[Parabéns!Até a próxima aula!  MBA em Engenharia de Software à Distância  Profª Cleziana de Freitas Costa  ]]></slidetext>
      <animations>
      </animations>
      <waitforuser>false</waitforuser>
      <totalframes>555</totalframes>
      <time>00:00:27</time>
      <transitionmediaurl />
    </slide>
  </slides>
</presentation>