﻿<?xml version="1.0" encoding="UTF-8"?>
<presentation>
  <properties>
    <title><![CDATA[Aula08]]></title>
    <creationdate>26/07/2012 22:18:24</creationdate>
    <audio>on</audio>
    <navigationonclick>false</navigationonclick>
    <animations>true</animations>
    <transitions>false</transitions>
    <sdkversion>07</sdkversion>
    <release>1.1</release>
    <soundacrossslides>false</soundacrossslides>
    <defaulturl>Slides/default_0.swf</defaulturl>
    <video>
    </video>
    <templatecolor>Silver</templatecolor>
    <layout>E-Learning Standard</layout>
    <presentertitle><![CDATA[]]></presentertitle>
    <presentername><![CDATA[]]></presentername>
    <presentercompany><![CDATA[]]></presentercompany>
    <presenteremail><![CDATA[]]></presenteremail>
    <presentationtitle>Aula08</presentationtitle>
    <powerpointfile>Aula08.ppt</powerpointfile>
    <presentationdescription><![CDATA[]]></presentationdescription>
    <presentationkeywords>
    </presentationkeywords>
    <audioquality>Medium</audioquality>
    <imagequality>9</imagequality>
    <showslidenotesinoutput>True</showslidenotesinoutput>
    <usenarrations>True</usenarrations>
  </properties>
  <slides>
    <slide id="1">
      <transition>
      </transition>
      <width>720</width>
      <height>540</height>
      <transitionurl>
      </transitionurl>
      <embeddedsound />
      <slidenavigation onclick="true" slideadvmode="true" />
      <fileurl>Slides/slide1.swf</fileurl>
      <slideimage height="150" width="200">Images/slide1_200,150.jpg</slideimage>
      <title><![CDATA[Slide 1]]></title>
      <notes><![CDATA[]]></notes>
      <slidetext><![CDATA[Disciplina: Análise e Projeto Orientado a Objetos: UML  MBA em Engenharia de Software a Distância  ]]></slidetext>
      <waitforuser>false</waitforuser>
      <totalframes>488</totalframes>
      <time>00:00:24</time>
      <transitionmediaurl />
    </slide>
    <slide id="2">
      <transition>
      </transition>
      <width>720</width>
      <height>540</height>
      <transitionurl>
      </transitionurl>
      <embeddedsound>
        <audio onclick="false" type="n" repeat="false" startframe="1" duration="1" />
      </embeddedsound>
      <slidenavigation onclick="true" slideadvmode="true" />
      <fileurl>Slides/slide2.swf</fileurl>
      <slideimage height="150" width="200">Images/slide2_200,150.jpg</slideimage>
      <title><![CDATA[Slide 2]]></title>
      <notes><![CDATA[2]]></notes>
      <slidetext><![CDATA[Modelagem de estados Objetos do mundo real se encontram em estados particulares a cada momento.Da mesma forma, cada objeto participante de um sistema de software orientado a objetos se encontra em um estado particular.  2  MBA em Engenharia de Software a Distância  ]]></slidetext>
      <animations>
      </animations>
      <waitforuser>false</waitforuser>
      <totalframes>503</totalframes>
      <time>00:00:25</time>
      <transitionmediaurl />
    </slide>
    <slide id="3">
      <transition>
      </transition>
      <width>720</width>
      <height>540</height>
      <transitionurl>
      </transitionurl>
      <embeddedsound>
        <audio onclick="false" type="n" repeat="false" startframe="1" duration="1" />
      </embeddedsound>
      <slidenavigation onclick="true" slideadvmode="true" />
      <fileurl>Slides/slide3.swf</fileurl>
      <slideimage height="150" width="200">Images/slide3_200,150.jpg</slideimage>
      <title><![CDATA[Slide 3]]></title>
      <notes><![CDATA[3]]></notes>
      <slidetext><![CDATA[Um objeto muda de estado quando acontece algum evento interno ou externo ao sistema.Durante a transição de um estado para outro, um objeto realiza determinadas ações dentro do sistema.Quando um objeto transita de um estado para outro, significa que o sistema no qual ele está inserido também está mudando de estado.  3  MBA em Engenharia de Software a Distância  ]]></slidetext>
      <animations>
      </animations>
      <waitforuser>false</waitforuser>
      <totalframes>491</totalframes>
      <time>00:00:24</time>
      <transitionmediaurl />
    </slide>
    <slide id="4">
      <transition>
      </transition>
      <width>720</width>
      <height>540</height>
      <transitionurl>
      </transitionurl>
      <embeddedsound>
        <audio onclick="false" type="n" repeat="false" startframe="1" duration="1" />
      </embeddedsound>
      <slidenavigation onclick="true" slideadvmode="true" />
      <fileurl>Slides/slide4.swf</fileurl>
      <slideimage height="150" width="200">Images/slide4_200,150.jpg</slideimage>
      <title><![CDATA[Slide 4]]></title>
      <notes><![CDATA[4]]></notes>
      <slidetext><![CDATA[Diagramas de transição de estadosAtravés da análise das transições entre estados dos objetos de um sistema de software, podem-se prever todas as possíveis operações realizadas, em função de eventos que possam ocorrer.O diagrama da UML que é utilizado para realizar esta análise é o diagrama de transição de estado (DTE).  4  MBA em Engenharia de Software a Distância  ]]></slidetext>
      <animations>
      </animations>
      <waitforuser>false</waitforuser>
      <totalframes>507</totalframes>
      <time>00:00:25</time>
      <transitionmediaurl />
    </slide>
    <slide id="5">
      <transition>
      </transition>
      <width>720</width>
      <height>540</height>
      <transitionurl>
      </transitionurl>
      <embeddedsound>
        <audio onclick="false" type="n" repeat="false" startframe="1" duration="1" />
      </embeddedsound>
      <slidenavigation onclick="true" slideadvmode="true" />
      <fileurl>Slides/slide5.swf</fileurl>
      <slideimage height="150" width="200">Images/slide5_200,150.jpg</slideimage>
      <title><![CDATA[Slide 5]]></title>
      <notes><![CDATA[5]]></notes>
      <slidetext><![CDATA[A UML tem um conjunto rico de notações para desenhar um DTE.EstadosTransiçõesEventoAçãoAtividadeTransições internasEstados aninhados Estados concorrentes  5  MBA em Engenharia de Software a Distância  ]]></slidetext>
      <animations>
      </animations>
      <waitforuser>false</waitforuser>
      <totalframes>469</totalframes>
      <time>00:00:23</time>
      <transitionmediaurl />
    </slide>
    <slide id="6">
      <transition>
      </transition>
      <width>720</width>
      <height>540</height>
      <transitionurl>
      </transitionurl>
      <embeddedsound>
        <audio onclick="false" type="n" repeat="false" startframe="1" duration="1" />
      </embeddedsound>
      <slidenavigation onclick="true" slideadvmode="true" />
      <fileurl>Slides/slide6.swf</fileurl>
      <slideimage height="150" width="200">Images/slide6_200,150.jpg</slideimage>
      <title><![CDATA[Slide 6]]></title>
      <notes><![CDATA[6]]></notes>
      <slidetext><![CDATA[EstadoSituação na vida de um objeto em que ele satisfaz a alguma condição ou realiza alguma atividade. É função dos valores dos atributos e (ou) das ligações com outros objetos.O atributo reservado deste objeto livro tem valor verdadeiro.Uma conta bancária passa para o vermelho quando o seu saldo fica negativo.  6  MBA em Engenharia de Software a Distância  ]]></slidetext>
      <animations>
      </animations>
      <waitforuser>false</waitforuser>
      <totalframes>685</totalframes>
      <time>00:00:34</time>
      <transitionmediaurl />
    </slide>
    <slide id="7">
      <transition>
      </transition>
      <width>720</width>
      <height>540</height>
      <transitionurl>
      </transitionurl>
      <embeddedsound>
        <audio onclick="false" type="n" repeat="false" startframe="1" duration="1" />
      </embeddedsound>
      <slidenavigation onclick="true" slideadvmode="true" />
      <fileurl>Slides/slide7.swf</fileurl>
      <slideimage height="150" width="200">Images/slide7_200,150.jpg</slideimage>
      <title><![CDATA[Slide 7]]></title>
      <notes><![CDATA[7]]></notes>
      <slidetext><![CDATA[Um professor está licenciado quando não está ministrando curso algum durante o semestre.Um tanque está na reserva quando nível de combustível está abaixo de 20%.Um pedido está atendido quando todos os seus itens estão atendidos.  Estados podem ser vistos como uma abstração dos atributos e associações de um objeto.  7  MBA em Engenharia de Software a Distância  ]]></slidetext>
      <animations>
      </animations>
      <waitforuser>false</waitforuser>
      <totalframes>582</totalframes>
      <time>00:00:29</time>
      <transitionmediaurl />
    </slide>
    <slide id="8">
      <transition>
      </transition>
      <width>720</width>
      <height>540</height>
      <transitionurl>
      </transitionurl>
      <embeddedsound>
        <audio onclick="false" type="n" repeat="false" startframe="1" duration="1" />
      </embeddedsound>
      <slidenavigation onclick="true" slideadvmode="true" />
      <fileurl>Slides/slide8.swf</fileurl>
      <slideimage height="150" width="200">Images/slide8_200,150.jpg</slideimage>
      <title><![CDATA[Slide 8]]></title>
      <notes><![CDATA[8]]></notes>
      <slidetext><![CDATA[Estados inicial e finalO estado inicial indica o estado de um objeto quando ele é criado. Só pode haver um estado inicial em um DTE.Essa restrição serve para definir a partir de que ponto um DTE deve começar a ser lido.  8  MBA em Engenharia de Software a Distância  ]]></slidetext>
      <animations>
      </animations>
      <waitforuser>false</waitforuser>
      <totalframes>498</totalframes>
      <time>00:00:24</time>
      <transitionmediaurl />
    </slide>
    <slide id="9">
      <transition>
      </transition>
      <width>720</width>
      <height>540</height>
      <transitionurl>
      </transitionurl>
      <embeddedsound>
        <audio onclick="false" type="n" repeat="false" startframe="1" duration="1" />
      </embeddedsound>
      <slidenavigation onclick="true" slideadvmode="true" />
      <fileurl>Slides/slide9.swf</fileurl>
      <slideimage height="150" width="200">Images/slide9_200,150.jpg</slideimage>
      <title><![CDATA[Slide 9]]></title>
      <notes><![CDATA[9]]></notes>
      <slidetext><![CDATA[O estado final é representado como um círculo “eclipsado” e indica o fim do ciclo de vida de um objeto.é opcional e pode haver mais de um estado final em um DTE.Notação da UML para estados:  9  MBA em Engenharia de Software a Distância  ]]></slidetext>
      <animations>
      </animations>
      <waitforuser>false</waitforuser>
      <totalframes>950</totalframes>
      <time>00:00:47</time>
      <transitionmediaurl />
    </slide>
    <slide id="10">
      <transition>
      </transition>
      <width>720</width>
      <height>540</height>
      <transitionurl>
      </transitionurl>
      <embeddedsound>
        <audio onclick="false" type="n" repeat="false" startframe="1" duration="1" />
      </embeddedsound>
      <slidenavigation onclick="true" slideadvmode="true" />
      <fileurl>Slides/slide10.swf</fileurl>
      <slideimage height="150" width="200">Images/slide10_200,150.jpg</slideimage>
      <title><![CDATA[Slide 10]]></title>
      <notes><![CDATA[10]]></notes>
      <slidetext><![CDATA[Transições Os estados estão associados a outros pelas transições.Uma transição é mostrada como uma linha conectando estados, com uma seta apontando para um dos estados.Quando uma transição entre estados ocorre, diz-se que a transição foi disparada.Uma transição pode ser rotulada com uma expressão da seguinte forma:  evento (lista-parâmetros) [guarda] / ação  10  MBA em Engenharia de Software a Distância  ]]></slidetext>
      <animations>
      </animations>
      <waitforuser>false</waitforuser>
      <totalframes>952</totalframes>
      <time>00:00:47</time>
      <transitionmediaurl />
    </slide>
    <slide id="11">
      <transition>
      </transition>
      <width>720</width>
      <height>540</height>
      <transitionurl>
      </transitionurl>
      <embeddedsound>
        <audio onclick="false" type="n" repeat="false" startframe="1" duration="1" />
      </embeddedsound>
      <slidenavigation onclick="true" slideadvmode="true" />
      <fileurl>Slides/slide11.swf</fileurl>
      <slideimage height="150" width="200">Images/slide11_200,150.jpg</slideimage>
      <title><![CDATA[Slide 11]]></title>
      <notes><![CDATA[11]]></notes>
      <slidetext><![CDATA[Eventos Uma transição possui um evento associado.Um evento é algo que acontece em algum ponto no tempo e que pode modificar o estado de um objeto:Pedido realizadoFatura pagaCheque devolvido  11  MBA em Engenharia de Software a Distância  ]]></slidetext>
      <animations>
      </animations>
      <waitforuser>false</waitforuser>
      <totalframes>421</totalframes>
      <time>00:00:21</time>
      <transitionmediaurl />
    </slide>
    <slide id="12">
      <transition>
      </transition>
      <width>720</width>
      <height>540</height>
      <transitionurl>
      </transitionurl>
      <embeddedsound>
        <audio onclick="false" type="n" repeat="false" startframe="1" duration="1" />
      </embeddedsound>
      <slidenavigation onclick="true" slideadvmode="true" />
      <fileurl>Slides/slide12.swf</fileurl>
      <slideimage height="150" width="200">Images/slide12_200,150.jpg</slideimage>
      <title><![CDATA[Slide 12]]></title>
      <notes><![CDATA[12]]></notes>
      <slidetext><![CDATA[Os eventos relevantes a um sistema de software podem ser classificados em nos seguintes tipos.Evento de chamada: recebimento de uma mensagem de outro objeto.Evento de sinal: recebimento de um sinal.Evento temporal: passagem de um intervalo de tempo predefinido.Evento de mudança: uma condição que se torna verdadeira.  12  MBA em Engenharia de Software a Distância  ]]></slidetext>
      <animations>
      </animations>
      <waitforuser>false</waitforuser>
      <totalframes>720</totalframes>
      <time>00:00:36</time>
      <transitionmediaurl />
    </slide>
    <slide id="13">
      <transition>
      </transition>
      <width>720</width>
      <height>540</height>
      <transitionurl>
      </transitionurl>
      <embeddedsound>
        <audio onclick="false" type="n" repeat="false" startframe="1" duration="1" />
      </embeddedsound>
      <slidenavigation onclick="true" slideadvmode="true" />
      <fileurl>Slides/slide13.swf</fileurl>
      <slideimage height="150" width="200">Images/slide13_200,150.jpg</slideimage>
      <title><![CDATA[Slide 13]]></title>
      <notes><![CDATA[13]]></notes>
      <slidetext><![CDATA[Tipos de EventoEvento de chamadacorresponde ao recebimento de uma mensagem de outro objeto.Pode-se pensar neste tipo de evento como uma solicitação de serviço de um objeto a outro.  13  MBA em Engenharia de Software a Distância  ]]></slidetext>
      <animations>
      </animations>
      <waitforuser>false</waitforuser>
      <totalframes>371</totalframes>
      <time>00:00:18</time>
      <transitionmediaurl />
    </slide>
    <slide id="14">
      <transition>
      </transition>
      <width>720</width>
      <height>540</height>
      <transitionurl>
      </transitionurl>
      <embeddedsound>
        <audio onclick="false" type="n" repeat="false" startframe="1" duration="1" />
      </embeddedsound>
      <slidenavigation onclick="true" slideadvmode="true" />
      <fileurl>Slides/slide14.swf</fileurl>
      <slideimage height="150" width="200">Images/slide14_200,150.jpg</slideimage>
      <title><![CDATA[Slide 14]]></title>
      <notes><![CDATA[14]]></notes>
      <slidetext><![CDATA[Evento de sinalNeste evento o objeto recebe um sinal de outro objeto que pode fazê-lo mudar de estado.A diferença básica entre o evento de sinal e o evento de chamada é que neste último o objeto que envia a mensagem fica esperando a execução da mesma.No evento de sinal, o objeto remetente continua o seu processamento após ter enviado o sinal.  14  MBA em Engenharia de Software a Distância  ]]></slidetext>
      <animations>
      </animations>
      <waitforuser>false</waitforuser>
      <totalframes>662</totalframes>
      <time>00:00:33</time>
      <transitionmediaurl />
    </slide>
    <slide id="15">
      <transition>
      </transition>
      <width>720</width>
      <height>540</height>
      <transitionurl>
      </transitionurl>
      <embeddedsound>
        <audio onclick="false" type="n" repeat="false" startframe="1" duration="1" />
      </embeddedsound>
      <slidenavigation onclick="true" slideadvmode="true" />
      <fileurl>Slides/slide15.swf</fileurl>
      <slideimage height="150" width="200">Images/slide15_200,150.jpg</slideimage>
      <title><![CDATA[Slide 15]]></title>
      <notes><![CDATA[15]]></notes>
      <slidetext><![CDATA[Evento temporalCorresponde à passagem de um intervalo de tempo predefinido.O objeto pode interpretar a passagem de um certo intervalo de tempo como sendo um evento. É especificado com a cláusula after seguida de um parâmetro que especifica um intervalo de tempo.after(30 segundos): indica que a transição será disparada 30 segundos após o objeto ter entrado no estado atual.  15  MBA em Engenharia de Software a Distância  ]]></slidetext>
      <animations>
      </animations>
      <waitforuser>false</waitforuser>
      <totalframes>713</totalframes>
      <time>00:00:35</time>
      <transitionmediaurl />
    </slide>
    <slide id="16">
      <transition>
      </transition>
      <width>720</width>
      <height>540</height>
      <transitionurl>
      </transitionurl>
      <embeddedsound>
        <audio onclick="false" type="n" repeat="false" startframe="1" duration="1" />
      </embeddedsound>
      <slidenavigation onclick="true" slideadvmode="true" />
      <fileurl>Slides/slide16.swf</fileurl>
      <slideimage height="150" width="200">Images/slide16_200,150.jpg</slideimage>
      <title><![CDATA[Slide 16]]></title>
      <notes><![CDATA[16]]></notes>
      <slidetext><![CDATA[Evento de mudançaCorresponde a uma condição que se torna verdadeira. É representado por uma expressão de valor lógico (verdadeiro ou falso) e é especificado utilizando-se a cláusula when. when(saldo > 0): significa que a transição é disparada quando o valor do atributo saldo for positivo.Eventos temporais também podem ser definidos utilizando-se a cláusula when.when(data = 13/07/2010)  16  MBA em Engenharia de Software a Distância  ]]></slidetext>
      <animations>
      </animations>
      <waitforuser>false</waitforuser>
      <totalframes>773</totalframes>
      <time>00:00:38</time>
      <transitionmediaurl />
    </slide>
    <slide id="17">
      <transition>
      </transition>
      <width>720</width>
      <height>540</height>
      <transitionurl>
      </transitionurl>
      <embeddedsound>
        <audio onclick="false" type="n" repeat="false" startframe="1" duration="1" />
      </embeddedsound>
      <slidenavigation onclick="true" slideadvmode="true" />
      <fileurl>Slides/slide17.swf</fileurl>
      <slideimage height="150" width="200">Images/slide17_200,150.jpg</slideimage>
      <title><![CDATA[Slide 17]]></title>
      <notes><![CDATA[17]]></notes>
      <slidetext><![CDATA[17  MBA em Engenharia de Software a Distância  ]]></slidetext>
      <animations>
      </animations>
      <waitforuser>false</waitforuser>
      <totalframes>1828</totalframes>
      <time>00:01:31</time>
      <transitionmediaurl />
    </slide>
    <slide id="18">
      <transition>
      </transition>
      <width>720</width>
      <height>540</height>
      <transitionurl>
      </transitionurl>
      <embeddedsound>
        <audio onclick="false" type="n" repeat="false" startframe="1" duration="1" />
      </embeddedsound>
      <slidenavigation onclick="true" slideadvmode="true" />
      <fileurl>Slides/slide18.swf</fileurl>
      <slideimage height="150" width="200">Images/slide18_200,150.jpg</slideimage>
      <title><![CDATA[Slide 18]]></title>
      <notes><![CDATA[]]></notes>
      <slidetext><![CDATA[18  MBA em Engenharia de Software a Distância  ]]></slidetext>
      <animations>
      </animations>
      <waitforuser>false</waitforuser>
      <totalframes>1632</totalframes>
      <time>00:01:21</time>
      <transitionmediaurl />
    </slide>
    <slide id="19">
      <transition>
      </transition>
      <width>720</width>
      <height>540</height>
      <transitionurl>
      </transitionurl>
      <embeddedsound>
        <audio onclick="false" type="n" repeat="false" startframe="1" duration="1" />
      </embeddedsound>
      <slidenavigation onclick="true" slideadvmode="true" />
      <fileurl>Slides/slide19.swf</fileurl>
      <slideimage height="150" width="200">Images/slide19_200,150.jpg</slideimage>
      <title><![CDATA[Slide 19]]></title>
      <notes><![CDATA[19]]></notes>
      <slidetext><![CDATA[Eventos resultando em eventos A ocorrência de um evento A relevante pode ocasionar a ocorrência de um evento B relevante para outro objeto.No exemplo a seguir, além da transição de estados, o evento OutroEvento (relevante a objetoAlvo) também é disparado.  19  MBA em Engenharia de Software a Distância  ]]></slidetext>
      <animations>
      </animations>
      <waitforuser>false</waitforuser>
      <totalframes>482</totalframes>
      <time>00:00:24</time>
      <transitionmediaurl />
    </slide>
    <slide id="20">
      <transition>
      </transition>
      <width>720</width>
      <height>540</height>
      <transitionurl>
      </transitionurl>
      <embeddedsound>
        <audio onclick="false" type="n" repeat="false" startframe="1" duration="1" />
      </embeddedsound>
      <slidenavigation onclick="true" slideadvmode="true" />
      <fileurl>Slides/slide20.swf</fileurl>
      <slideimage height="150" width="200">Images/slide20_200,150.jpg</slideimage>
      <title><![CDATA[Slide 20]]></title>
      <notes><![CDATA[20]]></notes>
      <slidetext><![CDATA[Condição de guarda É uma expressão de valor lógico que condiciona o disparo de uma transição.A transição correspondente é disparada se e somente se o evento associado ocorre e a condição de guarda é verdadeira.Uma transição que não possui condição de guarda é sempre disparada quando o evento ocorre.A condição de guarda pode ser definida utilizando-se parâmetros passados no evento e também atributos e referências a ligações da classe em questão.  20  MBA em Engenharia de Software a Distância  ]]></slidetext>
      <animations>
      </animations>
      <waitforuser>false</waitforuser>
      <totalframes>837</totalframes>
      <time>00:00:41</time>
      <transitionmediaurl />
    </slide>
    <slide id="21">
      <transition>
      </transition>
      <width>720</width>
      <height>540</height>
      <transitionurl>
      </transitionurl>
      <embeddedsound>
        <audio onclick="false" type="n" repeat="false" startframe="1" duration="1" />
      </embeddedsound>
      <slidenavigation onclick="true" slideadvmode="true" />
      <fileurl>Slides/slide21.swf</fileurl>
      <slideimage height="150" width="200">Images/slide21_200,150.jpg</slideimage>
      <title><![CDATA[Slide 21]]></title>
      <notes><![CDATA[21]]></notes>
      <slidetext><![CDATA[AçõesAo transitar de um estado para outro, um objeto pode realizar uma ou mais ações.Uma ação é uma expressão definida em termo dos atributos, operações, associações da classe ou dos parâmetros do evento também podem ser utilizados.A ação associada a uma transição é executada se e somente se a transição for disparada.  21  MBA em Engenharia de Software a Distância  ]]></slidetext>
      <animations>
      </animations>
      <waitforuser>false</waitforuser>
      <totalframes>651</totalframes>
      <time>00:00:32</time>
      <transitionmediaurl />
    </slide>
    <slide id="22">
      <transition>
      </transition>
      <width>720</width>
      <height>540</height>
      <transitionurl>
      </transitionurl>
      <embeddedsound>
        <audio onclick="false" type="n" repeat="false" startframe="1" duration="1" />
      </embeddedsound>
      <slidenavigation onclick="true" slideadvmode="true" />
      <fileurl>Slides/slide22.swf</fileurl>
      <slideimage height="150" width="200">Images/slide22_200,150.jpg</slideimage>
      <title><![CDATA[Slide 22]]></title>
      <notes><![CDATA[22]]></notes>
      <slidetext><![CDATA[Atividades Semelhantes as ações, atividades são algo que deve ser executado.No entanto, uma atividade pode ser interrompidaOutra diferença: uma atividade sempre está associada a um estado.  22  MBA em Engenharia de Software a Distância  ]]></slidetext>
      <animations>
      </animations>
      <waitforuser>false</waitforuser>
      <totalframes>672</totalframes>
      <time>00:00:33</time>
      <transitionmediaurl />
    </slide>
    <slide id="23">
      <transition>
      </transition>
      <width>720</width>
      <height>540</height>
      <transitionurl>
      </transitionurl>
      <embeddedsound>
        <audio onclick="false" type="n" repeat="false" startframe="1" duration="1" />
      </embeddedsound>
      <slidenavigation onclick="true" slideadvmode="true" />
      <fileurl>Slides/slide23.swf</fileurl>
      <slideimage height="150" width="200">Images/slide23_200,150.jpg</slideimage>
      <title><![CDATA[Slide 23]]></title>
      <notes><![CDATA[23]]></notes>
      <slidetext><![CDATA[Ponto de junção Pode ser que o próximo estado de um objeto varie de acordo com uma condição.Se o valor da condição for verdadeiro, o objeto vai para um estado E1; se o valor for falso, o objeto vai para outro estado E2.É como se a transição tivesse bifurcações, e cada transição de saída da bifurcação tivesse uma condição de guarda.  23  MBA em Engenharia de Software a Distância  ]]></slidetext>
      <animations>
      </animations>
      <waitforuser>false</waitforuser>
      <totalframes>648</totalframes>
      <time>00:00:32</time>
      <transitionmediaurl />
    </slide>
    <slide id="24">
      <transition>
      </transition>
      <width>720</width>
      <height>540</height>
      <transitionurl>
      </transitionurl>
      <embeddedsound>
        <audio onclick="false" type="n" repeat="false" startframe="1" duration="1" />
      </embeddedsound>
      <slidenavigation onclick="true" slideadvmode="true" />
      <fileurl>Slides/slide24.swf</fileurl>
      <slideimage height="150" width="200">Images/slide24_200,150.jpg</slideimage>
      <title><![CDATA[Slide 24]]></title>
      <notes><![CDATA[24]]></notes>
      <slidetext><![CDATA[Essa situação pode ser representada em um DTE através de um ponto de junção Pontos de junção permitem que duas ou mais transições compartilhem uma “trajetória de transições”.De uma forma geral, pode haver um número ilimitado de transições saindo de um ponto de junção.  24  MBA em Engenharia de Software a Distância  ]]></slidetext>
      <animations>
      </animations>
      <waitforuser>false</waitforuser>
      <totalframes>539</totalframes>
      <time>00:00:26</time>
      <transitionmediaurl />
    </slide>
    <slide id="25">
      <transition>
      </transition>
      <width>720</width>
      <height>540</height>
      <transitionurl>
      </transitionurl>
      <embeddedsound>
        <audio onclick="false" type="n" repeat="false" startframe="1" duration="1" />
      </embeddedsound>
      <slidenavigation onclick="true" slideadvmode="true" />
      <fileurl>Slides/slide25.swf</fileurl>
      <slideimage height="150" width="200">Images/slide25_200,150.jpg</slideimage>
      <title><![CDATA[Slide 25]]></title>
      <notes><![CDATA[25]]></notes>
      <slidetext><![CDATA[Pode haver também uma transição de saída que esteja rotulada com a cláusula else.Se as outras condições forem falsas, a transição da clausula else é disparada.  25  MBA em Engenharia de Software a Distância  ]]></slidetext>
      <animations>
      </animations>
      <waitforuser>false</waitforuser>
      <totalframes>304</totalframes>
      <time>00:00:15</time>
      <transitionmediaurl />
    </slide>
    <slide id="26">
      <transition>
      </transition>
      <width>720</width>
      <height>540</height>
      <transitionurl>
      </transitionurl>
      <embeddedsound>
        <audio onclick="false" type="n" repeat="false" startframe="1" duration="1" />
      </embeddedsound>
      <slidenavigation onclick="true" slideadvmode="true" />
      <fileurl>Slides/slide26.swf</fileurl>
      <slideimage height="150" width="200">Images/slide26_200,150.jpg</slideimage>
      <title><![CDATA[Slide 26]]></title>
      <notes><![CDATA[26]]></notes>
      <slidetext><![CDATA[26  MBA em Engenharia de Software a Distância  ]]></slidetext>
      <animations>
      </animations>
      <waitforuser>false</waitforuser>
      <totalframes>506</totalframes>
      <time>00:00:25</time>
      <transitionmediaurl />
    </slide>
    <slide id="27">
      <transition>
      </transition>
      <width>720</width>
      <height>540</height>
      <transitionurl>
      </transitionurl>
      <embeddedsound>
        <audio onclick="false" type="n" repeat="false" startframe="1" duration="1" />
      </embeddedsound>
      <slidenavigation onclick="true" slideadvmode="true" />
      <fileurl>Slides/slide27.swf</fileurl>
      <slideimage height="150" width="200">Images/slide27_200,150.jpg</slideimage>
      <title><![CDATA[Slide 27]]></title>
      <notes><![CDATA[27]]></notes>
      <slidetext><![CDATA[CláusulasNo compartimento adicional de um retângulo de estado podem-se especificar ações ou atividades a serem executadas. Sintaxe geral: evento / [ação | atividade]Há três cláusulas predefinidas: entry,exit,do  27  MBA em Engenharia de Software a Distância  ]]></slidetext>
      <animations>
      </animations>
      <waitforuser>false</waitforuser>
      <totalframes>513</totalframes>
      <time>00:00:25</time>
      <transitionmediaurl />
    </slide>
    <slide id="28">
      <transition>
      </transition>
      <width>720</width>
      <height>540</height>
      <transitionurl>
      </transitionurl>
      <embeddedsound>
        <audio onclick="false" type="n" repeat="false" startframe="1" duration="1" />
      </embeddedsound>
      <slidenavigation onclick="true" slideadvmode="true" />
      <fileurl>Slides/slide28.swf</fileurl>
      <slideimage height="150" width="200">Images/slide28_200,150.jpg</slideimage>
      <title><![CDATA[Slide 28]]></title>
      <notes><![CDATA[28]]></notes>
      <slidetext><![CDATA[Cláusula entryPode ser usada para especificar uma ação a ser realizada no momento em que o objeto entra em um estado.A ação desta cláusula é sempre executada, independentemente do estado do qual o objeto veio. É como se a ação especificada estivesse associada a todas as transições de entrada no estado.  28  MBA em Engenharia de Software a Distância  ]]></slidetext>
      <animations>
      </animations>
      <waitforuser>false</waitforuser>
      <totalframes>508</totalframes>
      <time>00:00:25</time>
      <transitionmediaurl />
    </slide>
    <slide id="29">
      <transition>
      </transition>
      <width>720</width>
      <height>540</height>
      <transitionurl>
      </transitionurl>
      <embeddedsound>
        <audio onclick="false" type="n" repeat="false" startframe="1" duration="1" />
      </embeddedsound>
      <slidenavigation onclick="true" slideadvmode="true" />
      <fileurl>Slides/slide29.swf</fileurl>
      <slideimage height="150" width="200">Images/slide29_200,150.jpg</slideimage>
      <title><![CDATA[Slide 29]]></title>
      <notes><![CDATA[29]]></notes>
      <slidetext><![CDATA[Cláusula exitServe para declarar ações que são executadas sempre que o objeto sai de um estado.É sempre executada, independentemente do estado para o qual o objeto vai.É como se a ação especificada estivesse associada a todas as transições de saída do estado.  29  MBA em Engenharia de Software a Distância  ]]></slidetext>
      <animations>
      </animations>
      <waitforuser>false</waitforuser>
      <totalframes>513</totalframes>
      <time>00:00:25</time>
      <transitionmediaurl />
    </slide>
    <slide id="30">
      <transition>
      </transition>
      <width>720</width>
      <height>540</height>
      <transitionurl>
      </transitionurl>
      <embeddedsound>
        <audio onclick="false" type="n" repeat="false" startframe="1" duration="1" />
      </embeddedsound>
      <slidenavigation onclick="true" slideadvmode="true" />
      <fileurl>Slides/slide30.swf</fileurl>
      <slideimage height="150" width="200">Images/slide30_200,150.jpg</slideimage>
      <title><![CDATA[Slide 30]]></title>
      <notes><![CDATA[30]]></notes>
      <slidetext><![CDATA[Cláusula doUsada para definir alguma atividade a ser executada quando o objeto passa para um determinado estado.Ao contrário da cláusula entry, serve para especificar uma atividade, em vez de uma ação.  30  MBA em Engenharia de Software a Distância  ]]></slidetext>
      <animations>
      </animations>
      <waitforuser>false</waitforuser>
      <totalframes>366</totalframes>
      <time>00:00:18</time>
      <transitionmediaurl />
    </slide>
    <slide id="31">
      <transition>
      </transition>
      <width>720</width>
      <height>540</height>
      <transitionurl>
      </transitionurl>
      <embeddedsound>
        <audio onclick="false" type="n" repeat="false" startframe="1" duration="1" />
      </embeddedsound>
      <slidenavigation onclick="true" slideadvmode="true" />
      <fileurl>Slides/slide31.swf</fileurl>
      <slideimage height="150" width="200">Images/slide31_200,150.jpg</slideimage>
      <title><![CDATA[Slide 31]]></title>
      <notes><![CDATA[31]]></notes>
      <slidetext><![CDATA[31  MBA em Engenharia de Software a Distância  ]]></slidetext>
      <animations>
      </animations>
      <waitforuser>false</waitforuser>
      <totalframes>773</totalframes>
      <time>00:00:38</time>
      <transitionmediaurl />
    </slide>
    <slide id="32">
      <transition>
      </transition>
      <width>720</width>
      <height>540</height>
      <transitionurl>
      </transitionurl>
      <embeddedsound>
        <audio onclick="false" type="n" repeat="false" startframe="1" duration="1" />
      </embeddedsound>
      <slidenavigation onclick="true" slideadvmode="true" />
      <fileurl>Slides/slide32.swf</fileurl>
      <slideimage height="150" width="200">Images/slide32_200,150.jpg</slideimage>
      <title><![CDATA[Slide 32]]></title>
      <notes><![CDATA[32]]></notes>
      <slidetext><![CDATA[32  MBA em Engenharia de Software a Distância  ]]></slidetext>
      <animations>
      </animations>
      <waitforuser>false</waitforuser>
      <totalframes>480</totalframes>
      <time>00:00:24</time>
      <transitionmediaurl />
    </slide>
    <slide id="33">
      <transition>
      </transition>
      <width>720</width>
      <height>540</height>
      <transitionurl>
      </transitionurl>
      <embeddedsound>
        <audio onclick="false" type="n" repeat="false" startframe="1" duration="1" />
      </embeddedsound>
      <slidenavigation onclick="true" slideadvmode="true" />
      <fileurl>Slides/slide33.swf</fileurl>
      <slideimage height="150" width="200">Images/slide33_200,150.jpg</slideimage>
      <title><![CDATA[Slide 33]]></title>
      <notes><![CDATA[33]]></notes>
      <slidetext><![CDATA[33  MBA em Engenharia de Software a Distância  ]]></slidetext>
      <animations>
      </animations>
      <waitforuser>false</waitforuser>
      <totalframes>1806</totalframes>
      <time>00:01:30</time>
      <transitionmediaurl />
    </slide>
    <slide id="34">
      <transition>
      </transition>
      <width>720</width>
      <height>540</height>
      <transitionurl>
      </transitionurl>
      <embeddedsound>
        <audio onclick="false" type="n" repeat="false" startframe="1" duration="1" />
      </embeddedsound>
      <slidenavigation onclick="true" slideadvmode="true" />
      <fileurl>Slides/slide34.swf</fileurl>
      <slideimage height="150" width="200">Images/slide34_200,150.jpg</slideimage>
      <title><![CDATA[Slide 34]]></title>
      <notes><![CDATA[34]]></notes>
      <slidetext><![CDATA[Identificação dos elementos de um diagrama de estados Um bom ponto de partida para identificar estados é analisar os possíveis valores de seus atributos e as ligações que ele pode realizar com outros objetos.No entanto, a existência de atributos ou ligações não é suficiente para justificar a criação de um DTE.O comportamento de objetos dessa classe deve depender de tais atributos ou ligações.  34  MBA em Engenharia de Software a Distância  ]]></slidetext>
      <animations>
      </animations>
      <waitforuser>false</waitforuser>
      <totalframes>702</totalframes>
      <time>00:00:35</time>
      <transitionmediaurl />
    </slide>
    <slide id="35">
      <transition>
      </transition>
      <width>720</width>
      <height>540</height>
      <transitionurl>
      </transitionurl>
      <embeddedsound>
        <audio onclick="false" type="n" repeat="false" startframe="1" duration="1" />
      </embeddedsound>
      <slidenavigation onclick="true" slideadvmode="true" />
      <fileurl>Slides/slide35.swf</fileurl>
      <slideimage height="150" width="200">Images/slide35_200,150.jpg</slideimage>
      <title><![CDATA[Slide 35]]></title>
      <notes><![CDATA[]]></notes>
      <slidetext><![CDATA[Já que transições dependem de eventos para ocorrer, devem-se identificar estes eventos primeiramente.Deve-se examinar também se há algum fator que condicione o disparo da transição. Um bom ponto de partida para identificar eventos é a descrição dos casos de uso.Os eventos encontrados na descrição dos casos de uso são externos ao sistema.Uma transição pode também ser disparada por um evento interno ao sistema.  35  MBA em Engenharia de Software a Distância  ]]></slidetext>
      <animations>
      </animations>
      <waitforuser>false</waitforuser>
      <totalframes>925</totalframes>
      <time>00:00:46</time>
      <transitionmediaurl />
    </slide>
    <slide id="36">
      <transition>
      </transition>
      <width>720</width>
      <height>540</height>
      <transitionurl>
      </transitionurl>
      <embeddedsound>
        <audio onclick="false" type="n" repeat="false" startframe="1" duration="1" />
      </embeddedsound>
      <slidenavigation onclick="true" slideadvmode="true" />
      <fileurl>Slides/slide36.swf</fileurl>
      <slideimage height="150" width="200">Images/slide36_200,150.jpg</slideimage>
      <title><![CDATA[Slide 36]]></title>
      <notes><![CDATA[]]></notes>
      <slidetext><![CDATA[Construção de DTEOs diagramas de estados são desenhados por classe.Existem desvantagem que é parcialmente compensada pelos diagramas de interação.Dificultam na visualização do estado do sistema como um todo.Nem todas as classes de um sistema precisam de um DTE.  36  MBA em Engenharia de Software a Distância  ]]></slidetext>
      <animations>
      </animations>
      <waitforuser>false</waitforuser>
      <totalframes>931</totalframes>
      <time>00:00:46</time>
      <transitionmediaurl />
    </slide>
    <slide id="37">
      <transition>
      </transition>
      <width>720</width>
      <height>540</height>
      <transitionurl>
      </transitionurl>
      <embeddedsound>
        <audio onclick="false" type="n" repeat="false" startframe="1" duration="1" />
      </embeddedsound>
      <slidenavigation onclick="true" slideadvmode="true" />
      <fileurl>Slides/slide37.swf</fileurl>
      <slideimage height="150" width="200">Images/slide37_200,150.jpg</slideimage>
      <title><![CDATA[Slide 37]]></title>
      <notes><![CDATA[]]></notes>
      <slidetext><![CDATA[Procedimento para construçãoIdentifique os estados relevantes para a classe.Identifique os eventos relevantes. Para cada evento, identifique qual a transição que ele ocasiona.Para cada estado: identifique as transições possíveis quando um evento ocorre.Para cada estado, identifique os eventos internos e ações correspondentes.  37  MBA em Engenharia de Software a Distância  ]]></slidetext>
      <animations>
      </animations>
      <waitforuser>false</waitforuser>
      <totalframes>622</totalframes>
      <time>00:00:31</time>
      <transitionmediaurl />
    </slide>
    <slide id="38">
      <transition>
      </transition>
      <width>720</width>
      <height>540</height>
      <transitionurl>
      </transitionurl>
      <embeddedsound>
        <audio onclick="false" type="n" repeat="false" startframe="1" duration="1" />
      </embeddedsound>
      <slidenavigation onclick="true" slideadvmode="true" />
      <fileurl>Slides/slide38.swf</fileurl>
      <slideimage height="150" width="200">Images/slide38_200,150.jpg</slideimage>
      <title><![CDATA[Slide 38]]></title>
      <notes><![CDATA[]]></notes>
      <slidetext><![CDATA[Para cada transição, verifique se há fatores que influenciam no seu disparo. (definição de condições de guarda  e ações).Para cada condição de guarda e para cada ação, identifique os atributos e ligações que estão envolvidos.Defina o estado inicial e os eventuais estados finais.Desenhe o DTE.  38  MBA em Engenharia de Software a Distância  ]]></slidetext>
      <animations>
      </animations>
      <waitforuser>false</waitforuser>
      <totalframes>650</totalframes>
      <time>00:00:32</time>
      <transitionmediaurl />
    </slide>
    <slide id="39">
      <transition>
      </transition>
      <width>720</width>
      <height>540</height>
      <transitionurl>
      </transitionurl>
      <embeddedsound>
        <audio onclick="false" type="n" repeat="false" startframe="1" duration="1" />
      </embeddedsound>
      <slidenavigation onclick="true" slideadvmode="true" />
      <fileurl>Slides/slide39.swf</fileurl>
      <slideimage height="150" width="200">Images/slide39_200,150.jpg</slideimage>
      <title><![CDATA[Slide 39]]></title>
      <notes><![CDATA[]]></notes>
      <slidetext><![CDATA[Modelagem de estados no processo de desenvolvimento de sistemasOs DTEs podem ser construídos com base nos diagramas de interação e nos diagramas de classes. Durante a construção do DTE para uma classe, novos atributos e operações podem surgir.Essas novas propriedades devem ser adicionadas ao modelo de classes.  39  MBA em Engenharia de Software a Distância  ]]></slidetext>
      <animations>
      </animations>
      <waitforuser>false</waitforuser>
      <totalframes>608</totalframes>
      <time>00:00:30</time>
      <transitionmediaurl />
    </slide>
    <slide id="40">
      <transition>
      </transition>
      <width>720</width>
      <height>540</height>
      <transitionurl>
      </transitionurl>
      <embeddedsound>
        <audio onclick="false" type="n" repeat="false" startframe="1" duration="1" />
      </embeddedsound>
      <slidenavigation onclick="true" slideadvmode="true" />
      <fileurl>Slides/slide40.swf</fileurl>
      <slideimage height="150" width="200">Images/slide40_200,150.jpg</slideimage>
      <title><![CDATA[Slide 40]]></title>
      <notes><![CDATA[]]></notes>
      <slidetext><![CDATA[A construção de um DTE freqüentemente leva à descoberta de novos atributos para uma classeprincipalmente atributos para servirem de abstrações para estados.Além disso, este processo de construção permite identificar novas operações na classepois os objetos precisam reagir aos eventos que eles recebem.  40  MBA em Engenharia de Software a Distância  ]]></slidetext>
      <animations>
      </animations>
      <waitforuser>false</waitforuser>
      <totalframes>598</totalframes>
      <time>00:00:29</time>
      <transitionmediaurl />
    </slide>
    <slide id="41">
      <transition>
      </transition>
      <width>720</width>
      <height>540</height>
      <transitionurl>
      </transitionurl>
      <embeddedsound>
        <audio onclick="false" type="n" repeat="false" startframe="1" duration="1" />
      </embeddedsound>
      <slidenavigation onclick="true" slideadvmode="true" />
      <fileurl>Slides/slide41.swf</fileurl>
      <slideimage height="150" width="200">Images/slide41_200,150.jpg</slideimage>
      <title><![CDATA[Slide 41]]></title>
      <notes><![CDATA[]]></notes>
      <slidetext><![CDATA[O comportamento de um objeto varia em função do estado no qual ele se encontra. Pode ser necessária a atualização de uma ou mais operações de uma classe para refletir o comportamento do objetos em cada estado.Por exemplo, o comportamento da operação sacar() da classe ContaBancária varia em função do estado no qual esta classe se encontra saques não podem ser realizados em uma conta que esteja no estado bloqueada.  41  MBA em Engenharia de Software a Distância  ]]></slidetext>
      <animations>
      </animations>
      <waitforuser>false</waitforuser>
      <totalframes>730</totalframes>
      <time>00:00:36</time>
      <transitionmediaurl />
    </slide>
  </slides>
</presentation>