﻿<?xml version="1.0" encoding="UTF-8"?>
<presentation>
  <properties>
    <title><![CDATA[Aula03]]></title>
    <creationdate>26/07/2012 20:26:44</creationdate>
    <audio>on</audio>
    <navigationonclick>false</navigationonclick>
    <animations>true</animations>
    <transitions>false</transitions>
    <sdkversion>07</sdkversion>
    <release>1.1</release>
    <soundacrossslides>false</soundacrossslides>
    <defaulturl>Slides/default_0.swf</defaulturl>
    <video>
    </video>
    <templatecolor>Silver</templatecolor>
    <layout>E-Learning Standard</layout>
    <presentertitle><![CDATA[]]></presentertitle>
    <presentername><![CDATA[]]></presentername>
    <presentercompany><![CDATA[]]></presentercompany>
    <presenteremail><![CDATA[]]></presenteremail>
    <presentationtitle>Aula03</presentationtitle>
    <powerpointfile>Aula03.ppt</powerpointfile>
    <presentationdescription><![CDATA[]]></presentationdescription>
    <presentationkeywords>
    </presentationkeywords>
    <audioquality>Medium</audioquality>
    <imagequality>9</imagequality>
    <showslidenotesinoutput>True</showslidenotesinoutput>
    <usenarrations>True</usenarrations>
  </properties>
  <slides>
    <slide id="1">
      <transition>
      </transition>
      <width>720</width>
      <height>540</height>
      <transitionurl>
      </transitionurl>
      <embeddedsound />
      <slidenavigation onclick="true" slideadvmode="true" />
      <fileurl>Slides/slide1.swf</fileurl>
      <slideimage height="150" width="200">Images/slide1_200,150.jpg</slideimage>
      <title><![CDATA[Slide 1]]></title>
      <notes><![CDATA[]]></notes>
      <slidetext><![CDATA[Disciplina: Análise e Projeto Orientado a Objetos: UML  MBA em Engenharia de Software a Distância  ]]></slidetext>
      <waitforuser>false</waitforuser>
      <totalframes>22</totalframes>
      <time>00:00:01</time>
      <transitionmediaurl />
    </slide>
    <slide id="2">
      <transition>
      </transition>
      <width>720</width>
      <height>540</height>
      <transitionurl>
      </transitionurl>
      <embeddedsound>
        <audio onclick="false" type="n" repeat="false" startframe="1" duration="1" />
      </embeddedsound>
      <slidenavigation onclick="true" slideadvmode="true" />
      <fileurl>Slides/slide2.swf</fileurl>
      <slideimage height="150" width="200">Images/slide2_200,150.jpg</slideimage>
      <title><![CDATA[Slide 2]]></title>
      <notes><![CDATA[2Fonte: GAO Survey (1992):	Software pago mas não entregue: 29.7%	Software que pode ser usado quando entregue: 2%	Software entregue mas nunca usado: 47%	Software usado mas posteriormente modificado ou abandonado: 19%	Software que podia ser usado após feitas mudanças: 3%]]></notes>
      <slidetext><![CDATA[Modelagem De Casos De UsoIntroduçãoO modelo de casos de uso é uma representação das funcionalidades externamente observáveis do sistema e dos elementos externos ao sistema que interagem com o mesmo.Esse modelo representa os requisitos funcionais do sistema.  2  MBA em Engenharia de Software a Distância  ]]></slidetext>
      <animations>
      </animations>
      <waitforuser>false</waitforuser>
      <totalframes>428</totalframes>
      <time>00:00:21</time>
      <transitionmediaurl />
    </slide>
    <slide id="3">
      <transition>
      </transition>
      <width>720</width>
      <height>540</height>
      <transitionurl>
      </transitionurl>
      <embeddedsound>
        <audio onclick="false" type="n" repeat="false" startframe="1" duration="1" />
      </embeddedsound>
      <slidenavigation onclick="true" slideadvmode="true" />
      <fileurl>Slides/slide3.swf</fileurl>
      <slideimage height="150" width="200">Images/slide3_200,150.jpg</slideimage>
      <title><![CDATA[Slide 3]]></title>
      <notes><![CDATA[]]></notes>
      <slidetext><![CDATA[Direciona diversas das atividades posteriores do ciclo de vida do sistema de software.Força os desenvolvedores a moldar o sistema de acordo com as necessidades do usuário.  3  MBA em Engenharia de Software a Distância  ]]></slidetext>
      <animations>
      </animations>
      <waitforuser>false</waitforuser>
      <totalframes>357</totalframes>
      <time>00:00:17</time>
      <transitionmediaurl />
    </slide>
    <slide id="4">
      <transition>
      </transition>
      <width>720</width>
      <height>540</height>
      <transitionurl>
      </transitionurl>
      <embeddedsound>
        <audio onclick="false" type="n" repeat="false" startframe="1" duration="1" />
      </embeddedsound>
      <slidenavigation onclick="true" slideadvmode="true" />
      <fileurl>Slides/slide4.swf</fileurl>
      <slideimage height="150" width="200">Images/slide4_200,150.jpg</slideimage>
      <title><![CDATA[Slide 4]]></title>
      <notes><![CDATA[]]></notes>
      <slidetext><![CDATA[4  Utilidade dos Casos de UsoEquipe de clientes (validação)aprovam o que o sistema deverá fazerentendem o que o sistema deverá fazer  MBA em Engenharia de Software a Distância  ]]></slidetext>
      <animations>
      </animations>
      <waitforuser>false</waitforuser>
      <totalframes>486</totalframes>
      <time>00:00:24</time>
      <transitionmediaurl />
    </slide>
    <slide id="5">
      <transition>
      </transition>
      <width>720</width>
      <height>540</height>
      <transitionurl>
      </transitionurl>
      <embeddedsound>
        <audio onclick="false" type="n" repeat="false" startframe="1" duration="1" />
      </embeddedsound>
      <slidenavigation onclick="true" slideadvmode="true" />
      <fileurl>Slides/slide5.swf</fileurl>
      <slideimage height="150" width="200">Images/slide5_200,150.jpg</slideimage>
      <title><![CDATA[Slide 5]]></title>
      <notes><![CDATA[]]></notes>
      <slidetext><![CDATA[5  Equipe de desenvolvedores Ponto de partida para refinar requisitos de software.Podem seguir um desenvolvimento dirigido a casos de uso.Designer (projetista): encontrar classes Testadores: usam como base para casos de teste.  MBA em Engenharia de Software a Distância  ]]></slidetext>
      <animations>
      </animations>
      <waitforuser>false</waitforuser>
      <totalframes>566</totalframes>
      <time>00:00:28</time>
      <transitionmediaurl />
    </slide>
    <slide id="6">
      <transition>
      </transition>
      <width>720</width>
      <height>540</height>
      <transitionurl>
      </transitionurl>
      <embeddedsound>
        <audio onclick="false" type="n" repeat="false" startframe="1" duration="1" />
      </embeddedsound>
      <slidenavigation onclick="true" slideadvmode="true" />
      <fileurl>Slides/slide6.swf</fileurl>
      <slideimage height="150" width="200">Images/slide6_200,150.jpg</slideimage>
      <title><![CDATA[Slide 6]]></title>
      <notes><![CDATA[]]></notes>
      <slidetext><![CDATA[6  MBA em Engenharia de Software a Distância  ]]></slidetext>
      <animations>
      </animations>
      <waitforuser>false</waitforuser>
      <totalframes>608</totalframes>
      <time>00:00:30</time>
      <transitionmediaurl />
    </slide>
    <slide id="7">
      <transition>
      </transition>
      <width>720</width>
      <height>540</height>
      <transitionurl>
      </transitionurl>
      <embeddedsound>
        <audio onclick="false" type="n" repeat="false" startframe="1" duration="1" />
      </embeddedsound>
      <slidenavigation onclick="true" slideadvmode="true" />
      <fileurl>Slides/slide7.swf</fileurl>
      <slideimage height="150" width="200">Images/slide7_200,150.jpg</slideimage>
      <title><![CDATA[Slide 7]]></title>
      <notes><![CDATA[]]></notes>
      <slidetext><![CDATA[Composição do modelo de caso de usoComposto de duas partes:TextualGráfica.A parte textual do modelo de caso de uso é onde o conjunto de sequência de atividades são descritas.  7  MBA em Engenharia de Software a Distância  ]]></slidetext>
      <animations>
      </animations>
      <waitforuser>false</waitforuser>
      <totalframes>461</totalframes>
      <time>00:00:23</time>
      <transitionmediaurl />
    </slide>
    <slide id="8">
      <transition>
      </transition>
      <width>720</width>
      <height>540</height>
      <transitionurl>
      </transitionurl>
      <embeddedsound>
        <audio onclick="false" type="n" repeat="false" startframe="1" duration="1" />
      </embeddedsound>
      <slidenavigation onclick="true" slideadvmode="true" />
      <fileurl>Slides/slide8.swf</fileurl>
      <slideimage height="150" width="200">Images/slide8_200,150.jpg</slideimage>
      <title><![CDATA[Slide 8]]></title>
      <notes><![CDATA[]]></notes>
      <slidetext><![CDATA[O diagrama da UML utilizado na modelagem de gráfica é o diagrama de casos de uso.Permite dar uma visão global e de alto nível do sistema.Também conhecido como diagrama de contexto.Componentes: casos de uso, atores, relacionamentos entre os elementos anteriores.  8  MBA em Engenharia de Software a Distância  ]]></slidetext>
      <animations>
      </animations>
      <waitforuser>false</waitforuser>
      <totalframes>735</totalframes>
      <time>00:00:36</time>
      <transitionmediaurl />
    </slide>
    <slide id="9">
      <transition>
      </transition>
      <width>720</width>
      <height>540</height>
      <transitionurl>
      </transitionurl>
      <embeddedsound>
        <audio onclick="false" type="n" repeat="false" startframe="1" duration="1" />
      </embeddedsound>
      <slidenavigation onclick="true" slideadvmode="true" />
      <fileurl>Slides/slide9.swf</fileurl>
      <slideimage height="150" width="200">Images/slide9_200,150.jpg</slideimage>
      <title><![CDATA[Slide 9]]></title>
      <notes><![CDATA[]]></notes>
      <slidetext><![CDATA[Casos de usoUm caso de uso é a especificação de uma sequência de interações entre um sistema e os agentes externos.Define parte da funcionalidade de um sistema, sem revelar a estrutura e o comportamento internos deste sistema.Um modelo de casos de uso típico é formado de vários casos de uso.  9  MBA em Engenharia de Software a Distância  ]]></slidetext>
      <animations>
      </animations>
      <waitforuser>false</waitforuser>
      <totalframes>704</totalframes>
      <time>00:00:35</time>
      <transitionmediaurl />
    </slide>
    <slide id="10">
      <transition>
      </transition>
      <width>720</width>
      <height>540</height>
      <transitionurl>
      </transitionurl>
      <embeddedsound>
        <audio onclick="false" type="n" repeat="false" startframe="1" duration="1" />
      </embeddedsound>
      <slidenavigation onclick="true" slideadvmode="true" />
      <fileurl>Slides/slide10.swf</fileurl>
      <slideimage height="150" width="200">Images/slide10_200,150.jpg</slideimage>
      <title><![CDATA[Slide 10]]></title>
      <notes><![CDATA[]]></notes>
      <slidetext><![CDATA[Cada caso de uso é definido através da descrição textual das interações que ocorrem entre o(s) elemento(s) externo(s) e o sistema.Há várias “dimensões de estilo” para descrição de casos de uso: Grau de abstração; Formato; Grau de detalhamento.  10  MBA em Engenharia de Software a Distância  ]]></slidetext>
      <animations>
      </animations>
      <waitforuser>false</waitforuser>
      <totalframes>499</totalframes>
      <time>00:00:24</time>
      <transitionmediaurl />
    </slide>
    <slide id="11">
      <transition>
      </transition>
      <width>720</width>
      <height>540</height>
      <transitionurl>
      </transitionurl>
      <embeddedsound>
        <audio onclick="false" type="n" repeat="false" startframe="1" duration="1" />
      </embeddedsound>
      <slidenavigation onclick="true" slideadvmode="true" />
      <fileurl>Slides/slide11.swf</fileurl>
      <slideimage height="150" width="200">Images/slide11_200,150.jpg</slideimage>
      <title><![CDATA[Slide 11]]></title>
      <notes><![CDATA[11]]></notes>
      <slidetext><![CDATA[11  Dimensões para Descrições TextuaisA UML não define nada acerca de como a descrição textual deve ser construída.Por conta disso, há várias dimensões independentes sobres as quais a descrição textual de um caso de uso pode variar:Grau de abstração (essencial ou real)Formato (contínuo, tabular, numerado)Grau de detalhamento (sucinta ou expandida)  MBA em Engenharia de Software a Distância  ]]></slidetext>
      <animations>
      </animations>
      <waitforuser>false</waitforuser>
      <totalframes>1779</totalframes>
      <time>00:01:28</time>
      <transitionmediaurl />
    </slide>
    <slide id="12">
      <transition>
      </transition>
      <width>720</width>
      <height>540</height>
      <transitionurl>
      </transitionurl>
      <embeddedsound>
        <audio onclick="false" type="n" repeat="false" startframe="1" duration="1" />
      </embeddedsound>
      <slidenavigation onclick="true" slideadvmode="true" />
      <fileurl>Slides/slide12.swf</fileurl>
      <slideimage height="150" width="200">Images/slide12_200,150.jpg</slideimage>
      <title><![CDATA[Slide 12]]></title>
      <notes><![CDATA[12]]></notes>
      <slidetext><![CDATA[Formato - Descrição continua  12  Este caso de uso inicia quanto o Cliente chega ao caixa eletrônico e insere seu cartão. O Sistema requisita a senha do Cliente. Após o Cliente fornecer sua senha e esta ser validada, o Sistema exibe as opções de operações possíveis. O Cliente opta por realizar um saque. Então o Sistema requisita o total a ser sacado. O Cliente fornece o valor da quantidade que deseja sacar. O Sistema fornece a quantia desejada e imprime o recibo para o Cliente. O Cliente retira a quantia e o recibo, e o caso de uso termina.  MBA em Engenharia de Software a Distância  ]]></slidetext>
      <animations>
      </animations>
      <waitforuser>false</waitforuser>
      <totalframes>319</totalframes>
      <time>00:00:15</time>
      <transitionmediaurl />
    </slide>
    <slide id="13">
      <transition>
      </transition>
      <width>720</width>
      <height>540</height>
      <transitionurl>
      </transitionurl>
      <embeddedsound>
        <audio onclick="false" type="n" repeat="false" startframe="1" duration="1" />
      </embeddedsound>
      <slidenavigation onclick="true" slideadvmode="true" />
      <fileurl>Slides/slide13.swf</fileurl>
      <slideimage height="150" width="200">Images/slide13_200,150.jpg</slideimage>
      <title><![CDATA[Slide 13]]></title>
      <notes><![CDATA[13]]></notes>
      <slidetext><![CDATA[13  Formato - Descrição numerada  1) Cliente insere seu cartão no caixa eletrônico.2) Sistema apresenta solicitação de senha.3) Cliente digita senha.4) Sistema valida a senha e exibe menu de operações disponíveis.5) Cliente indica que deseja realizar um saque.6) Sistema requisita o valor da quantia a ser sacada.7) Cliente fornece o valor da quantia que deseja sacar.8) Sistema fornece a quantia desejada e imprime o recibo para o Cliente9) Cliente retira a quantia e o recibo, e o caso de uso termina.  MBA em Engenharia de Software a Distância  ]]></slidetext>
      <animations>
      </animations>
      <waitforuser>false</waitforuser>
      <totalframes>193</totalframes>
      <time>00:00:09</time>
      <transitionmediaurl />
    </slide>
    <slide id="14">
      <transition>
      </transition>
      <width>720</width>
      <height>540</height>
      <transitionurl>
      </transitionurl>
      <embeddedsound>
        <audio onclick="false" type="n" repeat="false" startframe="1" duration="1" />
      </embeddedsound>
      <slidenavigation onclick="true" slideadvmode="true" />
      <fileurl>Slides/slide14.swf</fileurl>
      <slideimage height="150" width="200">Images/slide14_200,150.jpg</slideimage>
      <title><![CDATA[Slide 14]]></title>
      <notes><![CDATA[14]]></notes>
      <slidetext><![CDATA[14  Formato - Descrição tabular  MBA em Engenharia de Software a Distância  ]]></slidetext>
      <animations>
      </animations>
      <waitforuser>false</waitforuser>
      <totalframes>1365</totalframes>
      <time>00:01:08</time>
      <transitionmediaurl />
    </slide>
    <slide id="15">
      <transition>
      </transition>
      <width>720</width>
      <height>540</height>
      <transitionurl>
      </transitionurl>
      <embeddedsound>
        <audio onclick="false" type="n" repeat="false" startframe="1" duration="1" />
      </embeddedsound>
      <slidenavigation onclick="true" slideadvmode="true" />
      <fileurl>Slides/slide15.swf</fileurl>
      <slideimage height="150" width="200">Images/slide15_200,150.jpg</slideimage>
      <title><![CDATA[Slide 15]]></title>
      <notes><![CDATA[15]]></notes>
      <slidetext><![CDATA[15  Grau de abstração – Descrição essencial (numerada)  1) Cliente fornece sua identificação.2) Sistema identifica o usuário.3) Sistema fornece opções disponíveis para movimentação da conta.4) Cliente solicita o saque de uma determinada quantia.5) Sistema requisita o valor da quantia a ser sacada.6) Cliente fornece o valor da quantia que deseja sacar.7) Sistema fornece a quantia desejada.8) Cliente retira dinheiro e recibo e o caso de uso termina.  MBA em Engenharia de Software a Distância  ]]></slidetext>
      <animations>
      </animations>
      <waitforuser>false</waitforuser>
      <totalframes>518</totalframes>
      <time>00:00:25</time>
      <transitionmediaurl />
    </slide>
    <slide id="16">
      <transition>
      </transition>
      <width>720</width>
      <height>540</height>
      <transitionurl>
      </transitionurl>
      <embeddedsound>
        <audio onclick="false" type="n" repeat="false" startframe="1" duration="1" />
      </embeddedsound>
      <slidenavigation onclick="true" slideadvmode="true" />
      <fileurl>Slides/slide16.swf</fileurl>
      <slideimage height="150" width="200">Images/slide16_200,150.jpg</slideimage>
      <title><![CDATA[Slide 16]]></title>
      <notes><![CDATA[16]]></notes>
      <slidetext><![CDATA[16  AtoresElemento externo que interage com o sistema.Casos de uso representam uma sequência de interações entre o sistema e o ator.Normalmente um agente externo inicia a sequência de interações com o sistema.  MBA em Engenharia de Software a Distância  ]]></slidetext>
      <animations>
      </animations>
      <waitforuser>false</waitforuser>
      <totalframes>1017</totalframes>
      <time>00:00:50</time>
      <transitionmediaurl />
    </slide>
    <slide id="17">
      <transition>
      </transition>
      <width>720</width>
      <height>540</height>
      <transitionurl>
      </transitionurl>
      <embeddedsound>
        <audio onclick="false" type="n" repeat="false" startframe="1" duration="1" />
      </embeddedsound>
      <slidenavigation onclick="true" slideadvmode="true" />
      <fileurl>Slides/slide17.swf</fileurl>
      <slideimage height="150" width="200">Images/slide17_200,150.jpg</slideimage>
      <title><![CDATA[Slide 17]]></title>
      <notes><![CDATA[]]></notes>
      <slidetext><![CDATA[Categorias de atores:cargos (Empregado, Cliente, Gerente, Almoxarife, Vendedor, etc);organizações (Empresa Fornecedora, Agência de Impostos, Administradora de Cartões, etc);outros sistemas (Sistema de Cobrança, Sistema de Estoque de Produtos, etc).equipamentos (Leitora de Código de Barras, Sensor, etc.)  17  MBA em Engenharia de Software a Distância  ]]></slidetext>
      <animations>
      </animations>
      <waitforuser>false</waitforuser>
      <totalframes>1210</totalframes>
      <time>00:01:00</time>
      <transitionmediaurl />
    </slide>
    <slide id="18">
      <transition>
      </transition>
      <width>720</width>
      <height>540</height>
      <transitionurl>
      </transitionurl>
      <embeddedsound>
        <audio onclick="false" type="n" repeat="false" startframe="1" duration="1" />
      </embeddedsound>
      <slidenavigation onclick="true" slideadvmode="true" />
      <fileurl>Slides/slide18.swf</fileurl>
      <slideimage height="150" width="200">Images/slide18_200,150.jpg</slideimage>
      <title><![CDATA[Slide 18]]></title>
      <notes><![CDATA[]]></notes>
      <slidetext><![CDATA[Essa categorização indica para nós que o conceito de ator depende do escopo do sistema.Um ator corresponde a um papel representado em relação ao sistema.Uma pessoa pode representar o papel de Funcionário de uma instituição bancária que realiza a manutenção de um caixa eletrônico, mas também pode ser o Cliente do banco que realiza o saque de uma quantia.  18  MBA em Engenharia de Software a Distância  ]]></slidetext>
      <animations>
      </animations>
      <waitforuser>false</waitforuser>
      <totalframes>853</totalframes>
      <time>00:00:42</time>
      <transitionmediaurl />
    </slide>
    <slide id="19">
      <transition>
      </transition>
      <width>720</width>
      <height>540</height>
      <transitionurl>
      </transitionurl>
      <embeddedsound>
        <audio onclick="false" type="n" repeat="false" startframe="1" duration="1" />
      </embeddedsound>
      <slidenavigation onclick="true" slideadvmode="true" />
      <fileurl>Slides/slide19.swf</fileurl>
      <slideimage height="150" width="200">Images/slide19_200,150.jpg</slideimage>
      <title><![CDATA[Slide 19]]></title>
      <notes><![CDATA[]]></notes>
      <slidetext><![CDATA[Atores versus Casos de UsoUm ator representa um conjunto coerente de papéis que os usuários de casos desempenham quando interagem com o sistema Um caso de uso representa o que um ator quer que o sistema faça. Atores servem para definir o ambiente do sistema  19  MBA em Engenharia de Software a Distância  ]]></slidetext>
      <animations>
      </animations>
      <waitforuser>false</waitforuser>
      <totalframes>546</totalframes>
      <time>00:00:27</time>
      <transitionmediaurl />
    </slide>
    <slide id="20">
      <transition>
      </transition>
      <width>720</width>
      <height>540</height>
      <transitionurl>
      </transitionurl>
      <embeddedsound>
        <audio onclick="false" type="n" repeat="false" startframe="1" duration="1" />
      </embeddedsound>
      <slidenavigation onclick="true" slideadvmode="true" />
      <fileurl>Slides/slide20.swf</fileurl>
      <slideimage height="150" width="200">Images/slide20_200,150.jpg</slideimage>
      <title><![CDATA[Slide 20]]></title>
      <notes><![CDATA[]]></notes>
      <slidetext><![CDATA[Atores representam um papel exercido por uma pessoa ou por um sistema externo que interage com o sistema.Se comunicam enviando mensagens e/ou recebendo mensagens do sistema, conforme o caso de uso é executadoQuando definimos o que os atores fazem e o que os casos de uso fazem, delimitamos, de forma clara, o escopo do sistema.  20  MBA em Engenharia de Software a Distância  ]]></slidetext>
      <animations>
      </animations>
      <waitforuser>false</waitforuser>
      <totalframes>722</totalframes>
      <time>00:00:36</time>
      <transitionmediaurl />
    </slide>
    <slide id="21">
      <transition>
      </transition>
      <width>720</width>
      <height>540</height>
      <transitionurl>
      </transitionurl>
      <embeddedsound>
        <audio onclick="false" type="n" repeat="false" startframe="1" duration="1" />
      </embeddedsound>
      <slidenavigation onclick="true" slideadvmode="true" />
      <fileurl>Slides/slide21.swf</fileurl>
      <slideimage height="150" width="200">Images/slide21_200,150.jpg</slideimage>
      <title><![CDATA[Slide 21]]></title>
      <notes><![CDATA[21]]></notes>
      <slidetext><![CDATA[Diagrama de casos de usoRepresenta graficamente os atores, casos de uso e relacionamentos entre os elementos.Tem o objetivo de ilustrar em um nível alto de abstração quais elementos externos interagem com que funcionalidades do sistema.Uma espécie de “diagrama de contexto”.Apresenta os elementos externos de um sistema e as maneiras segundo as quais eles as utilizam.  21  MBA em Engenharia de Software a Distância  ]]></slidetext>
      <animations>
      </animations>
      <waitforuser>false</waitforuser>
      <totalframes>676</totalframes>
      <time>00:00:33</time>
      <transitionmediaurl />
    </slide>
    <slide id="22">
      <transition>
      </transition>
      <width>720</width>
      <height>540</height>
      <transitionurl>
      </transitionurl>
      <embeddedsound>
        <audio onclick="false" type="n" repeat="false" startframe="1" duration="1" />
      </embeddedsound>
      <slidenavigation onclick="true" slideadvmode="true" />
      <fileurl>Slides/slide22.swf</fileurl>
      <slideimage height="150" width="200">Images/slide22_200,150.jpg</slideimage>
      <title><![CDATA[Slide 22]]></title>
      <notes><![CDATA[]]></notes>
      <slidetext><![CDATA[22  MBA em Engenharia de Software a Distância  ]]></slidetext>
      <animations>
      </animations>
      <waitforuser>false</waitforuser>
      <totalframes>1094</totalframes>
      <time>00:00:54</time>
      <transitionmediaurl />
    </slide>
    <slide id="23">
      <transition>
      </transition>
      <width>720</width>
      <height>540</height>
      <transitionurl>
      </transitionurl>
      <embeddedsound>
        <audio onclick="false" type="n" repeat="false" startframe="1" duration="1" />
      </embeddedsound>
      <slidenavigation onclick="true" slideadvmode="true" />
      <fileurl>Slides/slide23.swf</fileurl>
      <slideimage height="150" width="200">Images/slide23_200,150.jpg</slideimage>
      <title><![CDATA[Slide 23]]></title>
      <notes><![CDATA[23O relacionamento de comunicação existe somente entre um ator e um caso de uso.Um relacionamento de comunicação é representado por um segmento de reta ligando ator e caso de uso.Relacionamento de inclusão Analogia útil: rotina.Em uma linguagem de programação, instruções podem ser agrupadas em uma unidade lógica chamada rotina.Sempre que essas instruções devem ser executada, a rotina correspondente é chamada.Quando dois ou mais casos de uso incluem uma seqüência de interações comum, esta seqüência comum pode ser descrita em um outro caso de uso. O relacionamento de inclusão:evita a descrição de uma mesma seqüência de interações mais de uma vez etorna a descrição dos casos de uso mais simples.O relacionamento de extensão é utilizado para modelar situações onde diferentes seqüências de interações podem ser inseridas em um caso de uso.Sejam A e B dois casos de uso.Um relacionamento de extensão de A para B indica que um ou mais dos cenários de B podem incluir o comportamento especificado por A.Neste caso, diz-se que B estende A.O caso de uso A é chamado de estendido e o caso de uso B de extensor.Cada uma das diferentes seqüências representa um comportamento opcional, que só ocorre sob certas condições ou cuja realização depende da escolha do ator.Quando um ator opta por executar a seqüência de interações definida no extensor, este é executado.Após a sua execução, o fluxo de interações volta ao caso de uso estendido, recomeçando logo após o ponto em que o extensor foi inserido.O relacionamento de generalização é aquele no qual o reuso é mais evidente.Este relacionamento permite que um caso de uso (ou um ator) herde características de um caso de uso (ator) mais genérico.O caso de uso (ator) herdeiro pode especializar o comportamento do caso de uso (ator) base.Pode existir entre dois casos de uso ou entre dois atores.O uso do relacionamento de generalização entre atores significa que o herdeiro possui o mesmo comportamento que o ator do qual ele herda.Além disso, o ator herdeiro pode participar em casos de uso em que o ator do qual ele herda não participa.Na generalização entre casos de uso, sejam A e B dois casos de uso.Quando B herda de A, as seqüências de comportamento de A valem também para B.Quando for necessário, B pode redefinir as seqüências de comportamento de A.Além disso, B participa em qualquer relacionamento no qual A participa.Vantagem: comportamento do caso de uso original é reutilizado pelos casos de uso herdeiros.Somente o comportamento que não faz sentido ou é diferente para um herdeiro precisa ser redefinido.]]></notes>
      <slidetext><![CDATA[Elementos de um modelo de caso de usoPossui diversos elementos, e cada um deles pode ser representado graficamente.Os elementos mais comuns em um modelo de caso de uso são:AtorCaso de uso  23  MBA em Engenharia de Software a Distância  ]]></slidetext>
      <animations>
      </animations>
      <waitforuser>false</waitforuser>
      <totalframes>371</totalframes>
      <time>00:00:18</time>
      <transitionmediaurl />
    </slide>
    <slide id="24">
      <transition>
      </transition>
      <width>720</width>
      <height>540</height>
      <transitionurl>
      </transitionurl>
      <embeddedsound>
        <audio onclick="false" type="n" repeat="false" startframe="1" duration="1" />
      </embeddedsound>
      <slidenavigation onclick="true" slideadvmode="true" />
      <fileurl>Slides/slide24.swf</fileurl>
      <slideimage height="150" width="200">Images/slide24_200,150.jpg</slideimage>
      <title><![CDATA[Slide 24]]></title>
      <notes><![CDATA[24O relacionamento de comunicaçãoUm relacionamento de comunicação é representado por um segmento de reta ligando ator e caso de uso.Relacionamento de inclusão Analogia útil: rotina.Em uma linguagem de programação, instruções podem ser agrupadas em uma unidade lógica chamada rotina.Sempre que essas instruções devem ser executada, a rotina correspondente é chamada.Quando dois ou mais casos de uso incluem uma seqüência de interações comum, esta seqüência comum pode ser descrita em um outro caso de uso. O relacionamento de inclusão:evita a descrição de uma mesma seqüência de interações mais de uma vez etorna a descrição dos casos de uso mais simples.O relacionamento de extensão é utilizado para modelar situações onde diferentes seqüências de interações podem ser inseridas em um caso de uso.Sejam A e B dois casos de uso.Um relacionamento de extensão de A para B indica que um ou mais dos cenários de B podem incluir o comportamento especificado por A.Neste caso, diz-se que B estende A.O caso de uso A é chamado de estendido e o caso de uso B de extensor.Cada uma das diferentes seqüências representa um comportamento opcional, que só ocorre sob certas condições ou cuja realização depende da escolha do ator.Quando um ator opta por executar a seqüência de interações definida no extensor, este é executado.Após a sua execução, o fluxo de interações volta ao caso de uso estendido, recomeçando logo após o ponto em que o extensor foi inserido.O relacionamento de generalização é aquele no qual o reuso é mais evidente.Este relacionamento permite que um caso de uso (ou um ator) herde características de um caso de uso (ator) mais genérico.O caso de uso (ator) herdeiro pode especializar o comportamento do caso de uso (ator) base.Pode existir entre dois casos de uso ou entre dois atores.O uso do relacionamento de generalização entre atores significa que o herdeiro possui o mesmo comportamento que o ator do qual ele herda.Além disso, o ator herdeiro pode participar em casos de uso em que o ator do qual ele herda não participa.Na generalização entre casos de uso, sejam A e B dois casos de uso.Quando B herda de A, as seqüências de comportamento de A valem também para B.Quando for necessário, B pode redefinir as seqüências de comportamento de A.Além disso, B participa em qualquer relacionamento no qual A participa.Vantagem: comportamento do caso de uso original é reutilizado pelos casos de uso herdeiros.Somente o comportamento que não faz sentido ou é diferente para um herdeiro precisa ser redefinido.]]></notes>
      <slidetext><![CDATA[Além disso, a UML define diversos relacionamentos entre esses elementos para serem usados no modelo de casos de uso:Comunicação que existe somente entre um ator e um caso de uso.InclusãoExtensãoGeneralizaçãoPara cada um desses elementos, a UML define uma notação gráfica e uma semântica específicas.  24  MBA em Engenharia de Software a Distância  ]]></slidetext>
      <animations>
      </animations>
      <waitforuser>false</waitforuser>
      <totalframes>620</totalframes>
      <time>00:00:31</time>
      <transitionmediaurl />
    </slide>
    <slide id="25">
      <transition>
      </transition>
      <width>720</width>
      <height>540</height>
      <transitionurl>
      </transitionurl>
      <embeddedsound>
        <audio onclick="false" type="n" repeat="false" startframe="1" duration="1" />
      </embeddedsound>
      <slidenavigation onclick="true" slideadvmode="true" />
      <fileurl>Slides/slide25.swf</fileurl>
      <slideimage height="150" width="200">Images/slide25_200,150.jpg</slideimage>
      <title><![CDATA[Slide 25]]></title>
      <notes><![CDATA[25O relacionamento de comunicaçãoUm relacionamento de comunicação é representado por um segmento de reta ligando ator e caso de uso.Relacionamento de inclusão Analogia útil: rotina.Em uma linguagem de programação, instruções podem ser agrupadas em uma unidade lógica chamada rotina.Sempre que essas instruções devem ser executada, a rotina correspondente é chamada.Quando dois ou mais casos de uso incluem uma seqüência de interações comum, esta seqüência comum pode ser descrita em um outro caso de uso. O relacionamento de inclusão:evita a descrição de uma mesma seqüência de interações mais de uma vez etorna a descrição dos casos de uso mais simples.O relacionamento de extensão é utilizado para modelar situações onde diferentes seqüências de interações podem ser inseridas em um caso de uso.Sejam A e B dois casos de uso.Um relacionamento de extensão de A para B indica que um ou mais dos cenários de B podem incluir o comportamento especificado por A.Neste caso, diz-se que B estende A.O caso de uso A é chamado de estendido e o caso de uso B de extensor.Cada uma das diferentes seqüências representa um comportamento opcional, que só ocorre sob certas condições ou cuja realização depende da escolha do ator.Quando um ator opta por executar a seqüência de interações definida no extensor, este é executado.Após a sua execução, o fluxo de interações volta ao caso de uso estendido, recomeçando logo após o ponto em que o extensor foi inserido.O relacionamento de generalização é aquele no qual o reuso é mais evidente.Este relacionamento permite que um caso de uso (ou um ator) herde características de um caso de uso (ator) mais genérico.O caso de uso (ator) herdeiro pode especializar o comportamento do caso de uso (ator) base.Pode existir entre dois casos de uso ou entre dois atores.O uso do relacionamento de generalização entre atores significa que o herdeiro possui o mesmo comportamento que o ator do qual ele herda.Além disso, o ator herdeiro pode participar em casos de uso em que o ator do qual ele herda não participa.Na generalização entre casos de uso, sejam A e B dois casos de uso.Quando B herda de A, as seqüências de comportamento de A valem também para B.Quando for necessário, B pode redefinir as seqüências de comportamento de A.Além disso, B participa em qualquer relacionamento no qual A participa.Vantagem: comportamento do caso de uso original é reutilizado pelos casos de uso herdeiros.Somente o comportamento que não faz sentido ou é diferente para um herdeiro precisa ser redefinido.]]></notes>
      <slidetext><![CDATA[Associação de caso de uso – Comunicação Os casos de uso e os atores interagem por meio de sinais indicado pela associação de comunicação entre o caso de uso e o ator. Um caso de uso tem no máximo uma associação de comunicação com um determinado ator e vice-versa, As associações de comunicação não recebem nomes  25  MBA em Engenharia de Software a Distância  ]]></slidetext>
      <animations>
      </animations>
      <waitforuser>false</waitforuser>
      <totalframes>1202</totalframes>
      <time>00:01:00</time>
      <transitionmediaurl />
    </slide>
    <slide id="26">
      <transition>
      </transition>
      <width>720</width>
      <height>540</height>
      <transitionurl>
      </transitionurl>
      <embeddedsound>
        <audio onclick="false" type="n" repeat="false" startframe="1" duration="1" />
      </embeddedsound>
      <slidenavigation onclick="true" slideadvmode="true" />
      <fileurl>Slides/slide26.swf</fileurl>
      <slideimage height="150" width="200">Images/slide26_200,150.jpg</slideimage>
      <title><![CDATA[Slide 26]]></title>
      <notes><![CDATA[26A notação para um ator em um DCU é a figura de um bonecocom o nome do ator definido abaixo desta figura.Cada caso de uso é representado por uma elipse.O nome do caso de uso é posicionado abaixo ou dentro da elipse.Pode-se também representar a fronteira do sistema em um diagrama de casos de uso. ]]></notes>
      <slidetext><![CDATA[26  MBA em Engenharia de Software a Distância  ]]></slidetext>
      <animations>
      </animations>
      <waitforuser>false</waitforuser>
      <totalframes>1057</totalframes>
      <time>00:00:52</time>
      <transitionmediaurl />
    </slide>
    <slide id="27">
      <transition>
      </transition>
      <width>720</width>
      <height>540</height>
      <transitionurl>
      </transitionurl>
      <embeddedsound>
        <audio onclick="false" type="n" repeat="false" startframe="1" duration="1" />
      </embeddedsound>
      <slidenavigation onclick="true" slideadvmode="true" />
      <fileurl>Slides/slide27.swf</fileurl>
      <slideimage height="150" width="200">Images/slide27_200,150.jpg</slideimage>
      <title><![CDATA[Slide 27]]></title>
      <notes><![CDATA[27O relacionamento de comunicaçãoUm relacionamento de comunicação é representado por um segmento de reta ligando ator e caso de uso.Relacionamento de inclusão Analogia útil: rotina.Em uma linguagem de programação, instruções podem ser agrupadas em uma unidade lógica chamada rotina.Sempre que essas instruções devem ser executada, a rotina correspondente é chamada.Quando dois ou mais casos de uso incluem uma seqüência de interações comum, esta seqüência comum pode ser descrita em um outro caso de uso. O relacionamento de inclusão:evita a descrição de uma mesma seqüência de interações mais de uma vez etorna a descrição dos casos de uso mais simples.O relacionamento de extensão é utilizado para modelar situações onde diferentes seqüências de interações podem ser inseridas em um caso de uso.Sejam A e B dois casos de uso.Um relacionamento de extensão de A para B indica que um ou mais dos cenários de B podem incluir o comportamento especificado por A.Neste caso, diz-se que B estende A.O caso de uso A é chamado de estendido e o caso de uso B de extensor.Cada uma das diferentes seqüências representa um comportamento opcional, que só ocorre sob certas condições ou cuja realização depende da escolha do ator.Quando um ator opta por executar a seqüência de interações definida no extensor, este é executado.Após a sua execução, o fluxo de interações volta ao caso de uso estendido, recomeçando logo após o ponto em que o extensor foi inserido.O relacionamento de generalização é aquele no qual o reuso é mais evidente.Este relacionamento permite que um caso de uso (ou um ator) herde características de um caso de uso (ator) mais genérico.O caso de uso (ator) herdeiro pode especializar o comportamento do caso de uso (ator) base.Pode existir entre dois casos de uso ou entre dois atores.O uso do relacionamento de generalização entre atores significa que o herdeiro possui o mesmo comportamento que o ator do qual ele herda.Além disso, o ator herdeiro pode participar em casos de uso em que o ator do qual ele herda não participa.Na generalização entre casos de uso, sejam A e B dois casos de uso.Quando B herda de A, as seqüências de comportamento de A valem também para B.Quando for necessário, B pode redefinir as seqüências de comportamento de A.Além disso, B participa em qualquer relacionamento no qual A participa.Vantagem: comportamento do caso de uso original é reutilizado pelos casos de uso herdeiros.Somente o comportamento que não faz sentido ou é diferente para um herdeiro precisa ser redefinido.]]></notes>
      <slidetext><![CDATA[Associação de caso de uso – Inclusão (Include)Um caso de uso pode ser aproveitado no contexto de outros casos de uso.Indica que aquele caso de uso é essencial para o comportamento de outro caso de uso. Também podemos escrever como B é parte do A  27  MBA em Engenharia de Software a Distância  ]]></slidetext>
      <animations>
      </animations>
      <waitforuser>false</waitforuser>
      <totalframes>969</totalframes>
      <time>00:00:48</time>
      <transitionmediaurl />
    </slide>
    <slide id="28">
      <transition>
      </transition>
      <width>720</width>
      <height>540</height>
      <transitionurl>
      </transitionurl>
      <embeddedsound>
        <audio onclick="false" type="n" repeat="false" startframe="1" duration="1" />
      </embeddedsound>
      <slidenavigation onclick="true" slideadvmode="true" />
      <fileurl>Slides/slide28.swf</fileurl>
      <slideimage height="150" width="200">Images/slide28_200,150.jpg</slideimage>
      <title><![CDATA[Slide 28]]></title>
      <notes><![CDATA[28]]></notes>
      <slidetext><![CDATA[28  MBA em Engenharia de Software a Distância  ]]></slidetext>
      <animations>
      </animations>
      <waitforuser>false</waitforuser>
      <totalframes>916</totalframes>
      <time>00:00:45</time>
      <transitionmediaurl />
    </slide>
    <slide id="29">
      <transition>
      </transition>
      <width>720</width>
      <height>540</height>
      <transitionurl>
      </transitionurl>
      <embeddedsound>
        <audio onclick="false" type="n" repeat="false" startframe="1" duration="1" />
      </embeddedsound>
      <slidenavigation onclick="true" slideadvmode="true" />
      <fileurl>Slides/slide29.swf</fileurl>
      <slideimage height="150" width="200">Images/slide29_200,150.jpg</slideimage>
      <title><![CDATA[Slide 29]]></title>
      <notes><![CDATA[29O relacionamento de comunicaçãoUm relacionamento de comunicação é representado por um segmento de reta ligando ator e caso de uso.Relacionamento de inclusão Analogia útil: rotina.Em uma linguagem de programação, instruções podem ser agrupadas em uma unidade lógica chamada rotina.Sempre que essas instruções devem ser executada, a rotina correspondente é chamada.Quando dois ou mais casos de uso incluem uma seqüência de interações comum, esta seqüência comum pode ser descrita em um outro caso de uso. O relacionamento de inclusão:evita a descrição de uma mesma seqüência de interações mais de uma vez etorna a descrição dos casos de uso mais simples.O relacionamento de extensão é utilizado para modelar situações onde diferentes seqüências de interações podem ser inseridas em um caso de uso.Sejam A e B dois casos de uso.Um relacionamento de extensão de A para B indica que um ou mais dos cenários de B podem incluir o comportamento especificado por A.Neste caso, diz-se que B estende A.O caso de uso A é chamado de estendido e o caso de uso B de extensor.Cada uma das diferentes seqüências representa um comportamento opcional, que só ocorre sob certas condições ou cuja realização depende da escolha do ator.Quando um ator opta por executar a seqüência de interações definida no extensor, este é executado.Após a sua execução, o fluxo de interações volta ao caso de uso estendido, recomeçando logo após o ponto em que o extensor foi inserido.O relacionamento de generalização é aquele no qual o reuso é mais evidente.Este relacionamento permite que um caso de uso (ou um ator) herde características de um caso de uso (ator) mais genérico.O caso de uso (ator) herdeiro pode especializar o comportamento do caso de uso (ator) base.Pode existir entre dois casos de uso ou entre dois atores.O uso do relacionamento de generalização entre atores significa que o herdeiro possui o mesmo comportamento que o ator do qual ele herda.Além disso, o ator herdeiro pode participar em casos de uso em que o ator do qual ele herda não participa.Na generalização entre casos de uso, sejam A e B dois casos de uso.Quando B herda de A, as seqüências de comportamento de A valem também para B.Quando for necessário, B pode redefinir as seqüências de comportamento de A.Além disso, B participa em qualquer relacionamento no qual A participa.Vantagem: comportamento do caso de uso original é reutilizado pelos casos de uso herdeiros.Somente o comportamento que não faz sentido ou é diferente para um herdeiro precisa ser redefinido.]]></notes>
      <slidetext><![CDATA[Associação de caso de uso – Extensão (Extend)Um caso de uso pode ter seu comportamento requerido por outro caso de uso.Dois motivos para a utilização do Extend: melhorar a estabilidade do modelo.diminuir a complexidade das operaçõesParecido com o include, mas ele não é essencial para o outro caso de uso.  29  MBA em Engenharia de Software a Distância  ]]></slidetext>
      <animations>
      </animations>
      <waitforuser>false</waitforuser>
      <totalframes>1267</totalframes>
      <time>00:01:03</time>
      <transitionmediaurl />
    </slide>
    <slide id="30">
      <transition>
      </transition>
      <width>720</width>
      <height>540</height>
      <transitionurl>
      </transitionurl>
      <embeddedsound>
        <audio onclick="false" type="n" repeat="false" startframe="1" duration="1" />
      </embeddedsound>
      <slidenavigation onclick="true" slideadvmode="true" />
      <fileurl>Slides/slide30.swf</fileurl>
      <slideimage height="150" width="200">Images/slide30_200,150.jpg</slideimage>
      <title><![CDATA[Slide 30]]></title>
      <notes><![CDATA[30O relacionamento de comunicaçãoUm relacionamento de comunicação é representado por um segmento de reta ligando ator e caso de uso.Relacionamento de inclusão Analogia útil: rotina.Em uma linguagem de programação, instruções podem ser agrupadas em uma unidade lógica chamada rotina.Sempre que essas instruções devem ser executada, a rotina correspondente é chamada.Quando dois ou mais casos de uso incluem uma seqüência de interações comum, esta seqüência comum pode ser descrita em um outro caso de uso. O relacionamento de inclusão:evita a descrição de uma mesma seqüência de interações mais de uma vez etorna a descrição dos casos de uso mais simples.O relacionamento de extensão é utilizado para modelar situações onde diferentes seqüências de interações podem ser inseridas em um caso de uso.Sejam A e B dois casos de uso.Um relacionamento de extensão de A para B indica que um ou mais dos cenários de B podem incluir o comportamento especificado por A.Neste caso, diz-se que B estende A.O caso de uso A é chamado de estendido e o caso de uso B de extensor.Cada uma das diferentes seqüências representa um comportamento opcional, que só ocorre sob certas condições ou cuja realização depende da escolha do ator.Quando um ator opta por executar a seqüência de interações definida no extensor, este é executado.Após a sua execução, o fluxo de interações volta ao caso de uso estendido, recomeçando logo após o ponto em que o extensor foi inserido.O relacionamento de generalização é aquele no qual o reuso é mais evidente.Este relacionamento permite que um caso de uso (ou um ator) herde características de um caso de uso (ator) mais genérico.O caso de uso (ator) herdeiro pode especializar o comportamento do caso de uso (ator) base.Pode existir entre dois casos de uso ou entre dois atores.O uso do relacionamento de generalização entre atores significa que o herdeiro possui o mesmo comportamento que o ator do qual ele herda.Além disso, o ator herdeiro pode participar em casos de uso em que o ator do qual ele herda não participa.Na generalização entre casos de uso, sejam A e B dois casos de uso.Quando B herda de A, as seqüências de comportamento de A valem também para B.Quando for necessário, B pode redefinir as seqüências de comportamento de A.Além disso, B participa em qualquer relacionamento no qual A participa.Vantagem: comportamento do caso de uso original é reutilizado pelos casos de uso herdeiros.Somente o comportamento que não faz sentido ou é diferente para um herdeiro precisa ser redefinido.]]></notes>
      <slidetext><![CDATA[Um ponto de extensão no caso de uso indica que outros casos de uso poderão ser acrescentados a ele. Assim o próprio caso de uso verificará se é preciso ou não acrescentar o outro caso de uso.  30  MBA em Engenharia de Software a Distância  ]]></slidetext>
      <animations>
      </animations>
      <waitforuser>false</waitforuser>
      <totalframes>342</totalframes>
      <time>00:00:17</time>
      <transitionmediaurl />
    </slide>
    <slide id="31">
      <transition>
      </transition>
      <width>720</width>
      <height>540</height>
      <transitionurl>
      </transitionurl>
      <embeddedsound>
        <audio onclick="false" type="n" repeat="false" startframe="1" duration="1" />
      </embeddedsound>
      <slidenavigation onclick="true" slideadvmode="true" />
      <fileurl>Slides/slide31.swf</fileurl>
      <slideimage height="150" width="200">Images/slide31_200,150.jpg</slideimage>
      <title><![CDATA[Slide 31]]></title>
      <notes><![CDATA[31]]></notes>
      <slidetext><![CDATA[31  Associação de caso de uso - Extensão (extend)  MBA em Engenharia de Software a Distância  ]]></slidetext>
      <animations>
      </animations>
      <waitforuser>false</waitforuser>
      <totalframes>700</totalframes>
      <time>00:00:35</time>
      <transitionmediaurl />
    </slide>
    <slide id="32">
      <transition>
      </transition>
      <width>720</width>
      <height>540</height>
      <transitionurl>
      </transitionurl>
      <embeddedsound>
        <audio onclick="false" type="n" repeat="false" startframe="1" duration="1" />
      </embeddedsound>
      <slidenavigation onclick="true" slideadvmode="true" />
      <fileurl>Slides/slide32.swf</fileurl>
      <slideimage height="150" width="200">Images/slide32_200,150.jpg</slideimage>
      <title><![CDATA[Slide 32]]></title>
      <notes><![CDATA[32O relacionamento de comunicaçãoUm relacionamento de comunicação é representado por um segmento de reta ligando ator e caso de uso.Relacionamento de inclusão Analogia útil: rotina.Em uma linguagem de programação, instruções podem ser agrupadas em uma unidade lógica chamada rotina.Sempre que essas instruções devem ser executada, a rotina correspondente é chamada.Quando dois ou mais casos de uso incluem uma seqüência de interações comum, esta seqüência comum pode ser descrita em um outro caso de uso. O relacionamento de inclusão:evita a descrição de uma mesma seqüência de interações mais de uma vez etorna a descrição dos casos de uso mais simples.O relacionamento de extensão é utilizado para modelar situações onde diferentes seqüências de interações podem ser inseridas em um caso de uso.Sejam A e B dois casos de uso.Um relacionamento de extensão de A para B indica que um ou mais dos cenários de B podem incluir o comportamento especificado por A.Neste caso, diz-se que B estende A.O caso de uso A é chamado de estendido e o caso de uso B de extensor.Cada uma das diferentes seqüências representa um comportamento opcional, que só ocorre sob certas condições ou cuja realização depende da escolha do ator.Quando um ator opta por executar a seqüência de interações definida no extensor, este é executado.Após a sua execução, o fluxo de interações volta ao caso de uso estendido, recomeçando logo após o ponto em que o extensor foi inserido.O relacionamento de generalização é aquele no qual o reuso é mais evidente.Este relacionamento permite que um caso de uso (ou um ator) herde características de um caso de uso (ator) mais genérico.O caso de uso (ator) herdeiro pode especializar o comportamento do caso de uso (ator) base.Pode existir entre dois casos de uso ou entre dois atores.O uso do relacionamento de generalização entre atores significa que o herdeiro possui o mesmo comportamento que o ator do qual ele herda.Além disso, o ator herdeiro pode participar em casos de uso em que o ator do qual ele herda não participa.Na generalização entre casos de uso, sejam A e B dois casos de uso.Quando B herda de A, as seqüências de comportamento de A valem também para B.Quando for necessário, B pode redefinir as seqüências de comportamento de A.Além disso, B participa em qualquer relacionamento no qual A participa.Vantagem: comportamento do caso de uso original é reutilizado pelos casos de uso herdeiros.Somente o comportamento que não faz sentido ou é diferente para um herdeiro precisa ser redefinido.]]></notes>
      <slidetext><![CDATA[Associação de caso de uso – GeneralizaçãoA generalização é utilizada para generalizar casos de uso ou atores,Você utiliza generalização do caso de uso quando tem um que é semelhante a outro, mas faz um pouco mais. Isso nos dá outra maneira de capturar cenários alternativos.  32  MBA em Engenharia de Software a Distância  ]]></slidetext>
      <animations>
      </animations>
      <waitforuser>false</waitforuser>
      <totalframes>954</totalframes>
      <time>00:00:47</time>
      <transitionmediaurl />
    </slide>
    <slide id="33">
      <transition>
      </transition>
      <width>720</width>
      <height>540</height>
      <transitionurl>
      </transitionurl>
      <embeddedsound>
        <audio onclick="false" type="n" repeat="false" startframe="1" duration="1" />
      </embeddedsound>
      <slidenavigation onclick="true" slideadvmode="true" />
      <fileurl>Slides/slide33.swf</fileurl>
      <slideimage height="150" width="200">Images/slide33_200,150.jpg</slideimage>
      <title><![CDATA[Slide 33]]></title>
      <notes><![CDATA[33Neste exemplo, considere uma biblioteca na qual pode haver alunos e professores como usuários.Ambos podem realizar empréstimos de títulos de livros e reservas de exemplares.No entanto, somente o professor pode requisitar a compra de títulos de livros à biblioteca.]]></notes>
      <slidetext><![CDATA[33  MBA em Engenharia de Software a Distância  ]]></slidetext>
      <animations>
      </animations>
      <waitforuser>false</waitforuser>
      <totalframes>1398</totalframes>
      <time>00:01:09</time>
      <transitionmediaurl />
    </slide>
    <slide id="34">
      <transition>
      </transition>
      <width>720</width>
      <height>540</height>
      <transitionurl>
      </transitionurl>
      <embeddedsound>
        <audio onclick="false" type="n" repeat="false" startframe="1" duration="1" />
      </embeddedsound>
      <slidenavigation onclick="true" slideadvmode="true" />
      <fileurl>Slides/slide34.swf</fileurl>
      <slideimage height="150" width="200">Images/slide34_200,150.jpg</slideimage>
      <title><![CDATA[Slide 34]]></title>
      <notes><![CDATA[34]]></notes>
      <slidetext><![CDATA[34  MBA em Engenharia de Software a Distância  ]]></slidetext>
      <animations>
      </animations>
      <waitforuser>false</waitforuser>
      <totalframes>921</totalframes>
      <time>00:00:46</time>
      <transitionmediaurl />
    </slide>
    <slide id="35">
      <transition>
      </transition>
      <width>720</width>
      <height>540</height>
      <transitionurl>
      </transitionurl>
      <embeddedsound>
        <audio onclick="false" type="n" repeat="false" startframe="1" duration="1" />
      </embeddedsound>
      <slidenavigation onclick="true" slideadvmode="true" />
      <fileurl>Slides/slide35.swf</fileurl>
      <slideimage height="150" width="200">Images/slide35_200,150.jpg</slideimage>
      <title><![CDATA[Slide 35]]></title>
      <notes><![CDATA[]]></notes>
      <slidetext><![CDATA[Identificação dos elementos do modelo de caso de uso.Atores e os casos de uso são identificados a partir de informações coletadas no levantamento de requisitos.Durante esta fase, analistas devem identificar as atividades do negócio relevantes ao sistema a ser construído.  35  MBA em Engenharia de Software a Distância  ]]></slidetext>
      <animations>
      </animations>
      <waitforuser>false</waitforuser>
      <totalframes>469</totalframes>
      <time>00:00:23</time>
      <transitionmediaurl />
    </slide>
    <slide id="36">
      <transition>
      </transition>
      <width>720</width>
      <height>540</height>
      <transitionurl>
      </transitionurl>
      <embeddedsound>
        <audio onclick="false" type="n" repeat="false" startframe="1" duration="1" />
      </embeddedsound>
      <slidenavigation onclick="true" slideadvmode="true" />
      <fileurl>Slides/slide36.swf</fileurl>
      <slideimage height="150" width="200">Images/slide36_200,150.jpg</slideimage>
      <title><![CDATA[Slide 36]]></title>
      <notes><![CDATA[]]></notes>
      <slidetext><![CDATA[Não há uma regra geral que indique quantos casos de uso e atores são necessários para descrever um sistema.A quantidade de casos de uso e atores depende da complexidade do sistema.Note também que as identificações de atores e de casos de uso são atividades que se intercalam.  36  MBA em Engenharia de Software a Distância  ]]></slidetext>
      <animations>
      </animations>
      <waitforuser>false</waitforuser>
      <totalframes>483</totalframes>
      <time>00:00:24</time>
      <transitionmediaurl />
    </slide>
    <slide id="37">
      <transition>
      </transition>
      <width>720</width>
      <height>540</height>
      <transitionurl>
      </transitionurl>
      <embeddedsound>
        <audio onclick="false" type="n" repeat="false" startframe="1" duration="1" />
      </embeddedsound>
      <slidenavigation onclick="true" slideadvmode="true" />
      <fileurl>Slides/slide37.swf</fileurl>
      <slideimage height="150" width="200">Images/slide37_200,150.jpg</slideimage>
      <title><![CDATA[Slide 37]]></title>
      <notes><![CDATA[37]]></notes>
      <slidetext><![CDATA[Identificando os atoresFontes e os destinos das informações a serem processadas são atores em potencial.uma vez que, por definição, um ator é todo elemento externo que interage com o sistema.  37  MBA em Engenharia de Software a Distância  ]]></slidetext>
      <animations>
      </animations>
      <waitforuser>false</waitforuser>
      <totalframes>442</totalframes>
      <time>00:00:22</time>
      <transitionmediaurl />
    </slide>
    <slide id="38">
      <transition>
      </transition>
      <width>720</width>
      <height>540</height>
      <transitionurl>
      </transitionurl>
      <embeddedsound>
        <audio onclick="false" type="n" repeat="false" startframe="1" duration="1" />
      </embeddedsound>
      <slidenavigation onclick="true" slideadvmode="true" />
      <fileurl>Slides/slide38.swf</fileurl>
      <slideimage height="150" width="200">Images/slide38_200,150.jpg</slideimage>
      <title><![CDATA[Slide 38]]></title>
      <notes><![CDATA[38]]></notes>
      <slidetext><![CDATA[O analista deve identificar:as áreas da empresa que serão afetadas ou utilizarão o sistema.fontes de informações a serem processadas e os destinos das informações geradas pelo sistema.  38  MBA em Engenharia de Software a Distância  ]]></slidetext>
      <animations>
      </animations>
      <waitforuser>false</waitforuser>
      <totalframes>323</totalframes>
      <time>00:00:16</time>
      <transitionmediaurl />
    </slide>
    <slide id="39">
      <transition>
      </transition>
      <width>720</width>
      <height>540</height>
      <transitionurl>
      </transitionurl>
      <embeddedsound>
        <audio onclick="false" type="n" repeat="false" startframe="1" duration="1" />
      </embeddedsound>
      <slidenavigation onclick="true" slideadvmode="true" />
      <fileurl>Slides/slide39.swf</fileurl>
      <slideimage height="150" width="200">Images/slide39_200,150.jpg</slideimage>
      <title><![CDATA[Slide 39]]></title>
      <notes><![CDATA[]]></notes>
      <slidetext><![CDATA[Há algumas perguntas úteis cujas respostas potencialmente identificam atores.Que órgãos, empresas ou pessoas (cargos) irão utilizar o sistema?Que outros sistemas irão se comunicar com o sistema?Alguém deve ser informado de alguma ocorrência no sistema?Quem está interessado em um certo requisito funcional do sistema?  39  MBA em Engenharia de Software a Distância  ]]></slidetext>
      <animations>
      </animations>
      <waitforuser>false</waitforuser>
      <totalframes>718</totalframes>
      <time>00:00:35</time>
      <transitionmediaurl />
    </slide>
    <slide id="40">
      <transition>
      </transition>
      <width>720</width>
      <height>540</height>
      <transitionurl>
      </transitionurl>
      <embeddedsound>
        <audio onclick="false" type="n" repeat="false" startframe="1" duration="1" />
      </embeddedsound>
      <slidenavigation onclick="true" slideadvmode="true" />
      <fileurl>Slides/slide40.swf</fileurl>
      <slideimage height="150" width="200">Images/slide40_200,150.jpg</slideimage>
      <title><![CDATA[Slide 40]]></title>
      <notes><![CDATA[]]></notes>
      <slidetext><![CDATA[A partir da lista (inicial) de atores, deve-se passar à identificação dos casos de uso.Nessa identificação, pode-se distinguir entre dois tipos de casos de usoPrimário: representa os objetivos dos atores. Secundário: aquele que não traz benefício direto para os atores, mas que é necessário para que sistema funcione adequadamente.  40  MBA em Engenharia de Software a Distância  ]]></slidetext>
      <animations>
      </animations>
      <waitforuser>false</waitforuser>
      <totalframes>701</totalframes>
      <time>00:00:35</time>
      <transitionmediaurl />
    </slide>
    <slide id="41">
      <transition>
      </transition>
      <width>720</width>
      <height>540</height>
      <transitionurl>
      </transitionurl>
      <embeddedsound>
        <audio onclick="false" type="n" repeat="false" startframe="1" duration="1" />
      </embeddedsound>
      <slidenavigation onclick="true" slideadvmode="true" />
      <fileurl>Slides/slide41.swf</fileurl>
      <slideimage height="150" width="200">Images/slide41_200,150.jpg</slideimage>
      <title><![CDATA[Slide 41]]></title>
      <notes><![CDATA[41]]></notes>
      <slidetext><![CDATA[Casos de Uso PrimáriosPerguntas úteis:Quais são as necessidades e objetivos de cada ator em relação ao sistema?Que informações o sistema deve produzir?O sistema deve realizar alguma ação que ocorre regularmente no tempo?Para cada requisito funcional, existe um (ou mais) caso(s) de uso para atendê-lo?  41  MBA em Engenharia de Software a Distância  ]]></slidetext>
      <animations>
      </animations>
      <waitforuser>false</waitforuser>
      <totalframes>839</totalframes>
      <time>00:00:41</time>
      <transitionmediaurl />
    </slide>
    <slide id="42">
      <transition>
      </transition>
      <width>720</width>
      <height>540</height>
      <transitionurl>
      </transitionurl>
      <embeddedsound>
        <audio onclick="false" type="n" repeat="false" startframe="1" duration="1" />
      </embeddedsound>
      <slidenavigation onclick="true" slideadvmode="true" />
      <fileurl>Slides/slide42.swf</fileurl>
      <slideimage height="150" width="200">Images/slide42_200,150.jpg</slideimage>
      <title><![CDATA[Slide 42]]></title>
      <notes><![CDATA[42]]></notes>
      <slidetext><![CDATA[Casos de Uso PrimáriosOutras técnicas de identificação:Caso de uso “oposto”Caso de uso que precede/sucede a outro caso de uso Caso de uso temporal Caso de uso relacionado a uma condição interna  42  MBA em Engenharia de Software a Distância  ]]></slidetext>
      <animations>
      </animations>
      <waitforuser>false</waitforuser>
      <totalframes>437</totalframes>
      <time>00:00:21</time>
      <transitionmediaurl />
    </slide>
    <slide id="43">
      <transition>
      </transition>
      <width>720</width>
      <height>540</height>
      <transitionurl>
      </transitionurl>
      <embeddedsound>
        <audio onclick="false" type="n" repeat="false" startframe="1" duration="1" />
      </embeddedsound>
      <slidenavigation onclick="true" slideadvmode="true" />
      <fileurl>Slides/slide43.swf</fileurl>
      <slideimage height="150" width="200">Images/slide43_200,150.jpg</slideimage>
      <title><![CDATA[Slide 43]]></title>
      <notes><![CDATA[43]]></notes>
      <slidetext><![CDATA[43  Casos de Uso SecundáriosEstes se encaixam nas seguintes categorias:Manutenção de cadastros; Manutenção de usuários;Gerenciamento de acesso;Manutenção de informações provenientes de outros sistemas.  MBA em Engenharia de Software a Distância  ]]></slidetext>
      <animations>
      </animations>
      <waitforuser>false</waitforuser>
      <totalframes>396</totalframes>
      <time>00:00:19</time>
      <transitionmediaurl />
    </slide>
    <slide id="44">
      <transition>
      </transition>
      <width>720</width>
      <height>540</height>
      <transitionurl>
      </transitionurl>
      <embeddedsound>
        <audio onclick="false" type="n" repeat="false" startframe="1" duration="1" />
      </embeddedsound>
      <slidenavigation onclick="true" slideadvmode="true" />
      <fileurl>Slides/slide44.swf</fileurl>
      <slideimage height="150" width="200">Images/slide44_200,150.jpg</slideimage>
      <title><![CDATA[Slide 44]]></title>
      <notes><![CDATA[44]]></notes>
      <slidetext><![CDATA[44  Obs: casos de uso secundários, são menos importantes que os casos de uso primários.O sistema de software não existe para cadastrar informações, nem tampouco para gerenciar os usuários.O objetivo principal de um sistema é agregar valor ao ambiente no qual ele está implantado.  MBA em Engenharia de Software a Distância  ]]></slidetext>
      <animations>
      </animations>
      <waitforuser>false</waitforuser>
      <totalframes>554</totalframes>
      <time>00:00:27</time>
      <transitionmediaurl />
    </slide>
    <slide id="45">
      <transition>
      </transition>
      <width>720</width>
      <height>540</height>
      <transitionurl>
      </transitionurl>
      <embeddedsound>
        <audio onclick="false" type="n" repeat="false" startframe="1" duration="1" />
      </embeddedsound>
      <slidenavigation onclick="true" slideadvmode="true" />
      <fileurl>Slides/slide45.swf</fileurl>
      <slideimage height="150" width="200">Images/slide45_200,150.jpg</slideimage>
      <title><![CDATA[Slide 45]]></title>
      <notes><![CDATA[45]]></notes>
      <slidetext><![CDATA[Construção do modelo de caso de uso.Os diagramas de casos de uso devem servir para dar suporte à parte textual do modelo, fornecendo uma visão de alto nível.Quanto mais fácil for a leitura do diagrama representando casos de uso, melhor.Se o sistema sendo modelado não for tão complexo, pode ser criado um único diagrama de caso de uso.  45  MBA em Engenharia de Software a Distância  ]]></slidetext>
      <animations>
      </animations>
      <waitforuser>false</waitforuser>
      <totalframes>560</totalframes>
      <time>00:00:28</time>
      <transitionmediaurl />
    </slide>
    <slide id="46">
      <transition>
      </transition>
      <width>720</width>
      <height>540</height>
      <transitionurl>
      </transitionurl>
      <embeddedsound>
        <audio onclick="false" type="n" repeat="false" startframe="1" duration="1" />
      </embeddedsound>
      <slidenavigation onclick="true" slideadvmode="true" />
      <fileurl>Slides/slide46.swf</fileurl>
      <slideimage height="150" width="200">Images/slide46_200,150.jpg</slideimage>
      <title><![CDATA[Slide 46]]></title>
      <notes><![CDATA[46]]></notes>
      <slidetext><![CDATA[É útil e recomendada a utilização do retângulo de fronteira para delimitar e separar visualmente casos de uso e atores.Em sistemas complexos, representar todos os casos de uso do sistema em um único diagrama de caso de uso talvez o torne um tanto ilegível.  46  MBA em Engenharia de Software a Distância  ]]></slidetext>
      <animations>
      </animations>
      <waitforuser>false</waitforuser>
      <totalframes>482</totalframes>
      <time>00:00:24</time>
      <transitionmediaurl />
    </slide>
    <slide id="47">
      <transition>
      </transition>
      <width>720</width>
      <height>540</height>
      <transitionurl>
      </transitionurl>
      <embeddedsound>
        <audio onclick="false" type="n" repeat="false" startframe="1" duration="1" />
      </embeddedsound>
      <slidenavigation onclick="true" slideadvmode="true" />
      <fileurl>Slides/slide47.swf</fileurl>
      <slideimage height="150" width="200">Images/slide47_200,150.jpg</slideimage>
      <title><![CDATA[Slide 47]]></title>
      <notes><![CDATA[47]]></notes>
      <slidetext><![CDATA[Alternativa: criar vários diagramas (de acordo com as necessidades de visualização) e agrupá-los em pacotes.Todos os casos de uso para um ator;Todos os casos de uso a serem implementados em um ciclo de desenvolvimento.Todos os casos de uso de uma área (departamento, seção) específica da empresa.  47  MBA em Engenharia de Software a Distância  ]]></slidetext>
      <animations>
      </animations>
      <waitforuser>false</waitforuser>
      <totalframes>607</totalframes>
      <time>00:00:30</time>
      <transitionmediaurl />
    </slide>
    <slide id="48">
      <transition>
      </transition>
      <width>720</width>
      <height>540</height>
      <transitionurl>
      </transitionurl>
      <embeddedsound>
        <audio onclick="false" type="n" repeat="false" startframe="1" duration="1" />
      </embeddedsound>
      <slidenavigation onclick="true" slideadvmode="true" />
      <fileurl>Slides/slide48.swf</fileurl>
      <slideimage height="150" width="200">Images/slide48_200,150.jpg</slideimage>
      <title><![CDATA[Slide 48]]></title>
      <notes><![CDATA[]]></notes>
      <slidetext><![CDATA[48  MBA em Engenharia de Software a Distância  ]]></slidetext>
      <animations>
      </animations>
      <waitforuser>false</waitforuser>
      <totalframes>1014</totalframes>
      <time>00:00:50</time>
      <transitionmediaurl />
    </slide>
    <slide id="49">
      <transition>
      </transition>
      <width>720</width>
      <height>540</height>
      <transitionurl>
      </transitionurl>
      <embeddedsound>
        <audio onclick="false" type="n" repeat="false" startframe="1" duration="1" />
      </embeddedsound>
      <slidenavigation onclick="true" slideadvmode="true" />
      <fileurl>Slides/slide49.swf</fileurl>
      <slideimage height="150" width="200">Images/slide49_200,150.jpg</slideimage>
      <title><![CDATA[Slide 49]]></title>
      <notes><![CDATA[]]></notes>
      <slidetext><![CDATA[Documentação dos atoresUma breve descrição para cada ator deve ser adicionada ao MCU.O nome de um ator deve lembrar o papel desempenhado pelo mesmo.Exemplo“Aluno: representa pessoas que fazem um curso dentro da universidade.”  49  MBA em Engenharia de Software a Distância  ]]></slidetext>
      <animations>
      </animations>
      <waitforuser>false</waitforuser>
      <totalframes>437</totalframes>
      <time>00:00:21</time>
      <transitionmediaurl />
    </slide>
    <slide id="50">
      <transition>
      </transition>
      <width>720</width>
      <height>540</height>
      <transitionurl>
      </transitionurl>
      <embeddedsound>
        <audio onclick="false" type="n" repeat="false" startframe="1" duration="1" />
      </embeddedsound>
      <slidenavigation onclick="true" slideadvmode="true" />
      <fileurl>Slides/slide50.swf</fileurl>
      <slideimage height="150" width="200">Images/slide50_200,150.jpg</slideimage>
      <title><![CDATA[Slide 50]]></title>
      <notes><![CDATA[]]></notes>
      <slidetext><![CDATA[Documentação dos casos de usoInfelizmente, a UML não define um padrão para descrição textual dos casos de uso de um sistema. É necessário, no entanto que a equipe de desenvolvimento padronize o seu estilo de descrição.  50  MBA em Engenharia de Software a Distância  ]]></slidetext>
      <animations>
      </animations>
      <waitforuser>false</waitforuser>
      <totalframes>411</totalframes>
      <time>00:00:20</time>
      <transitionmediaurl />
    </slide>
    <slide id="51">
      <transition>
      </transition>
      <width>720</width>
      <height>540</height>
      <transitionurl>
      </transitionurl>
      <embeddedsound>
        <audio onclick="false" type="n" repeat="false" startframe="1" duration="1" />
      </embeddedsound>
      <slidenavigation onclick="true" slideadvmode="true" />
      <fileurl>Slides/slide51.swf</fileurl>
      <slideimage height="150" width="200">Images/slide51_200,150.jpg</slideimage>
      <title><![CDATA[Slide 51]]></title>
      <notes><![CDATA[]]></notes>
      <slidetext><![CDATA[Algumas seções normalmente encontradas:SumárioAtoresFluxo principalFluxos alternativosReferências cruzadas (para requisitos não funcionais)  51  MBA em Engenharia de Software a Distância  ]]></slidetext>
      <animations>
      </animations>
      <waitforuser>false</waitforuser>
      <totalframes>273</totalframes>
      <time>00:00:13</time>
      <transitionmediaurl />
    </slide>
    <slide id="52">
      <transition>
      </transition>
      <width>720</width>
      <height>540</height>
      <transitionurl>
      </transitionurl>
      <embeddedsound>
        <audio onclick="false" type="n" repeat="false" startframe="1" duration="1" />
      </embeddedsound>
      <slidenavigation onclick="true" slideadvmode="true" />
      <fileurl>Slides/slide52.swf</fileurl>
      <slideimage height="150" width="200">Images/slide52_200,150.jpg</slideimage>
      <title><![CDATA[Slide 52]]></title>
      <notes><![CDATA[52]]></notes>
      <slidetext><![CDATA[NomeDescriçãoIdentificadorImportânciaSumárioAtor PrimárioAtores SecundáriosPré-condições  52  Fluxo PrincipalFluxos AlternativosFluxos de ExceçãoPós-condiçõesRegras do Negócio HistóricoNotas de Implementação  MBA em Engenharia de Software a Distância  ]]></slidetext>
      <animations>
      </animations>
      <waitforuser>false</waitforuser>
      <totalframes>1017</totalframes>
      <time>00:00:50</time>
      <transitionmediaurl />
    </slide>
    <slide id="53">
      <transition>
      </transition>
      <width>720</width>
      <height>540</height>
      <transitionurl>
      </transitionurl>
      <embeddedsound>
        <audio onclick="false" type="n" repeat="false" startframe="1" duration="1" />
      </embeddedsound>
      <slidenavigation onclick="true" slideadvmode="true" />
      <fileurl>Slides/slide53.swf</fileurl>
      <slideimage height="150" width="200">Images/slide53_200,150.jpg</slideimage>
      <title><![CDATA[Slide 53]]></title>
      <notes><![CDATA[]]></notes>
      <slidetext><![CDATA[Boas práticas na documentação de casos de uso.Comece o nome do caso de uso com um verbo no infinitivo (para indicar um processo ou ação).Tente descrever os passos de caso de uso sempre na forma sujeito + predicado. Ou seja, deixe explícito quem é o agente da ação.  53  MBA em Engenharia de Software a Distância  ]]></slidetext>
      <animations>
      </animations>
      <waitforuser>false</waitforuser>
      <totalframes>549</totalframes>
      <time>00:00:27</time>
      <transitionmediaurl />
    </slide>
    <slide id="54">
      <transition>
      </transition>
      <width>720</width>
      <height>540</height>
      <transitionurl>
      </transitionurl>
      <embeddedsound>
        <audio onclick="false" type="n" repeat="false" startframe="1" duration="1" />
      </embeddedsound>
      <slidenavigation onclick="true" slideadvmode="true" />
      <fileurl>Slides/slide54.swf</fileurl>
      <slideimage height="150" width="200">Images/slide54_200,150.jpg</slideimage>
      <title><![CDATA[Slide 54]]></title>
      <notes><![CDATA[]]></notes>
      <slidetext><![CDATA[Não descreva como o sistema realiza internamente um passo de um caso de uso.Tente dar nomes a casos de uso seguindo perspectiva do ator primário. Foque no objetivo desse ator. Tente manter a descrição de cada caso de uso no nível mais simples possível.  54  MBA em Engenharia de Software a Distância  ]]></slidetext>
      <animations>
      </animations>
      <waitforuser>false</waitforuser>
      <totalframes>626</totalframes>
      <time>00:00:31</time>
      <transitionmediaurl />
    </slide>
    <slide id="55">
      <transition>
      </transition>
      <width>720</width>
      <height>540</height>
      <transitionurl>
      </transitionurl>
      <embeddedsound>
        <audio onclick="false" type="n" repeat="false" startframe="1" duration="1" />
      </embeddedsound>
      <slidenavigation onclick="true" slideadvmode="true" />
      <fileurl>Slides/slide55.swf</fileurl>
      <slideimage height="150" width="200">Images/slide55_200,150.jpg</slideimage>
      <title><![CDATA[Slide 55]]></title>
      <notes><![CDATA[55]]></notes>
      <slidetext><![CDATA[Documentação suplementar ao modelo de caso de usoDocumentação AssociadaO modelo de casos de uso força o desenvolvedor a pensar em como os agentes externos interagem com o sistema.No entanto, este modelo corresponde somente aos requisitos funcionais.  55  MBA em Engenharia de Software a Distância  ]]></slidetext>
      <animations>
      </animations>
      <waitforuser>false</waitforuser>
      <totalframes>580</totalframes>
      <time>00:00:29</time>
      <transitionmediaurl />
    </slide>
    <slide id="56">
      <transition>
      </transition>
      <width>720</width>
      <height>540</height>
      <transitionurl>
      </transitionurl>
      <embeddedsound>
        <audio onclick="false" type="n" repeat="false" startframe="1" duration="1" />
      </embeddedsound>
      <slidenavigation onclick="true" slideadvmode="true" />
      <fileurl>Slides/slide56.swf</fileurl>
      <slideimage height="150" width="200">Images/slide56_200,150.jpg</slideimage>
      <title><![CDATA[Slide 56]]></title>
      <notes><![CDATA[56]]></notes>
      <slidetext><![CDATA[Outros tipos de requisitos (desempenho, interface, segurança, regras do negócio, etc.) também devem ser identificados e modelados.Esses outros requisitos fazem parte da documentação associada ao modelo de caso de uso.Dois itens importantes dessa documentação associada são o modelo de regras do negócio e os requisitos de desempenho.  56  MBA em Engenharia de Software a Distância  ]]></slidetext>
      <animations>
      </animations>
      <waitforuser>false</waitforuser>
      <totalframes>580</totalframes>
      <time>00:00:29</time>
      <transitionmediaurl />
    </slide>
    <slide id="57">
      <transition>
      </transition>
      <width>720</width>
      <height>540</height>
      <transitionurl>
      </transitionurl>
      <embeddedsound>
        <audio onclick="false" type="n" repeat="false" startframe="1" duration="1" />
      </embeddedsound>
      <slidenavigation onclick="true" slideadvmode="true" />
      <fileurl>Slides/slide57.swf</fileurl>
      <slideimage height="150" width="200">Images/slide57_200,150.jpg</slideimage>
      <title><![CDATA[Slide 57]]></title>
      <notes><![CDATA[57]]></notes>
      <slidetext><![CDATA[Regras do Negócio São políticas, condições ou restrições que devem ser consideradas na execução dos processos de uma organização.Estas regras são identificadas e documentadas no chamado modelo de regras do negócio .Regras do negócio normalmente influenciam o comportamento de determinados casos de uso.  57  MBA em Engenharia de Software a Distância  ]]></slidetext>
      <animations>
      </animations>
      <waitforuser>false</waitforuser>
      <totalframes>983</totalframes>
      <time>00:00:49</time>
      <transitionmediaurl />
    </slide>
    <slide id="58">
      <transition>
      </transition>
      <width>720</width>
      <height>540</height>
      <transitionurl>
      </transitionurl>
      <embeddedsound>
        <audio onclick="false" type="n" repeat="false" startframe="1" duration="1" />
      </embeddedsound>
      <slidenavigation onclick="true" slideadvmode="true" />
      <fileurl>Slides/slide58.swf</fileurl>
      <slideimage height="150" width="200">Images/slide58_200,150.jpg</slideimage>
      <title><![CDATA[Slide 58]]></title>
      <notes><![CDATA[]]></notes>
      <slidetext><![CDATA[Exemplos de REGRAS DO NEGÓCIOO valor total de um pedido é igual à soma dos totais dos itens do pedido acrescido de 10% de taxa de entrega.Um professor só pode estar lecionando disciplinas para as quais esteja habilitado.Um cliente de uma das agências do banco não pode retirar mais do que R$ 1.000 por dia de sua conta. Após as 18:00h, esse limite cai para R$ 100,00.  58  MBA em Engenharia de Software a Distância  ]]></slidetext>
      <animations>
      </animations>
      <waitforuser>false</waitforuser>
      <totalframes>922</totalframes>
      <time>00:00:46</time>
      <transitionmediaurl />
    </slide>
    <slide id="59">
      <transition>
      </transition>
      <width>720</width>
      <height>540</height>
      <transitionurl>
      </transitionurl>
      <embeddedsound>
        <audio onclick="false" type="n" repeat="false" startframe="1" duration="1" />
      </embeddedsound>
      <slidenavigation onclick="true" slideadvmode="true" />
      <fileurl>Slides/slide59.swf</fileurl>
      <slideimage height="150" width="200">Images/slide59_200,150.jpg</slideimage>
      <title><![CDATA[Slide 59]]></title>
      <notes><![CDATA[59]]></notes>
      <slidetext><![CDATA[Possível formato para documentação de uma regra de negócio no modelo de regras do negócio.  MBA em Engenharia de Software a Distância  ]]></slidetext>
      <animations>
      </animations>
      <waitforuser>false</waitforuser>
      <totalframes>882</totalframes>
      <time>00:00:44</time>
      <transitionmediaurl />
    </slide>
    <slide id="60">
      <transition>
      </transition>
      <width>720</width>
      <height>540</height>
      <transitionurl>
      </transitionurl>
      <embeddedsound>
        <audio onclick="false" type="n" repeat="false" startframe="1" duration="1" />
      </embeddedsound>
      <slidenavigation onclick="true" slideadvmode="true" />
      <fileurl>Slides/slide60.swf</fileurl>
      <slideimage height="150" width="200">Images/slide60_200,150.jpg</slideimage>
      <title><![CDATA[Slide 60]]></title>
      <notes><![CDATA[60]]></notes>
      <slidetext><![CDATA[Possível formato para documentação de casos de uso de requisitos de desempenho.  MBA em Engenharia de Software a Distância  ]]></slidetext>
      <animations>
      </animations>
      <waitforuser>false</waitforuser>
      <totalframes>549</totalframes>
      <time>00:00:27</time>
      <transitionmediaurl />
    </slide>
    <slide id="61">
      <transition>
      </transition>
      <width>720</width>
      <height>540</height>
      <transitionurl>
      </transitionurl>
      <embeddedsound>
        <audio onclick="false" type="n" repeat="false" startframe="1" duration="1" />
      </embeddedsound>
      <slidenavigation onclick="true" slideadvmode="true" />
      <fileurl>Slides/slide61.swf</fileurl>
      <slideimage height="150" width="200">Images/slide61_200,150.jpg</slideimage>
      <title><![CDATA[Slide 61]]></title>
      <notes><![CDATA[]]></notes>
      <slidetext><![CDATA[O modelo de caso de uso em um processo de desenvolvimento iterativo e incrementalCasos de uso e outras atividadesValidaçãoClientes e usuários devem entender o modelo e usá-lo para comunicar suas necessidades de forma consistente e não redundante.  61  MBA em Engenharia de Software a Distância  ]]></slidetext>
      <animations>
      </animations>
      <waitforuser>false</waitforuser>
      <totalframes>628</totalframes>
      <time>00:00:31</time>
      <transitionmediaurl />
    </slide>
    <slide id="62">
      <transition>
      </transition>
      <width>720</width>
      <height>540</height>
      <transitionurl>
      </transitionurl>
      <embeddedsound>
        <audio onclick="false" type="n" repeat="false" startframe="1" duration="1" />
      </embeddedsound>
      <slidenavigation onclick="true" slideadvmode="true" />
      <fileurl>Slides/slide62.swf</fileurl>
      <slideimage height="150" width="200">Images/slide62_200,150.jpg</slideimage>
      <title><![CDATA[Slide 62]]></title>
      <notes><![CDATA[]]></notes>
      <slidetext><![CDATA[Planejamento e gerenciamento do projeto Uma ferramenta fundamental para o gerente de um projeto no planejamento e controle de um processo de desenvolvimento incremental e iterativo Testes do sistemaOs casos de uso e seus cenários oferecem casos de teste.  62  MBA em Engenharia de Software a Distância  ]]></slidetext>
      <animations>
      </animations>
      <waitforuser>false</waitforuser>
      <totalframes>594</totalframes>
      <time>00:00:29</time>
      <transitionmediaurl />
    </slide>
    <slide id="63">
      <transition>
      </transition>
      <width>720</width>
      <height>540</height>
      <transitionurl>
      </transitionurl>
      <embeddedsound>
        <audio onclick="false" type="n" repeat="false" startframe="1" duration="1" />
      </embeddedsound>
      <slidenavigation onclick="true" slideadvmode="true" />
      <fileurl>Slides/slide63.swf</fileurl>
      <slideimage height="150" width="200">Images/slide63_200,150.jpg</slideimage>
      <title><![CDATA[Slide 63]]></title>
      <notes><![CDATA[]]></notes>
      <slidetext><![CDATA[Documentação do sistema para os usuáriosmanuais e guias do usuário podem ser construídos com base nos casos de uso. Realização de uma iteraçãoOs casos de uso podem se alocados entre os membros de equipe de desenvolvimento  63  MBA em Engenharia de Software a Distância  ]]></slidetext>
      <animations>
      </animations>
      <waitforuser>false</waitforuser>
      <totalframes>642</totalframes>
      <time>00:00:32</time>
      <transitionmediaurl />
    </slide>
    <slide id="64">
      <transition>
      </transition>
      <width>720</width>
      <height>540</height>
      <transitionurl>
      </transitionurl>
      <embeddedsound>
        <audio onclick="false" type="n" repeat="false" startframe="1" duration="1" />
      </embeddedsound>
      <slidenavigation onclick="true" slideadvmode="true" />
      <fileurl>Slides/slide64.swf</fileurl>
      <slideimage height="150" width="200">Images/slide64_200,150.jpg</slideimage>
      <title><![CDATA[Slide 64]]></title>
      <notes><![CDATA[]]></notes>
      <slidetext><![CDATA[A estratégia de utilizar o modelo de caso de uso como ponto de partida para outras atividades é denominada Desenvolvimento Dirigido por Casos de Uso  64  MBA em Engenharia de Software a Distância  ]]></slidetext>
      <animations>
      </animations>
      <waitforuser>false</waitforuser>
      <totalframes>263</totalframes>
      <time>00:00:13</time>
      <transitionmediaurl />
    </slide>
    <slide id="65">
      <transition>
      </transition>
      <width>720</width>
      <height>540</height>
      <transitionurl>
      </transitionurl>
      <embeddedsound>
        <audio onclick="false" type="n" repeat="false" startframe="1" duration="1" />
      </embeddedsound>
      <slidenavigation onclick="true" slideadvmode="true" />
      <fileurl>Slides/slide65.swf</fileurl>
      <slideimage height="150" width="200">Images/slide65_200,150.jpg</slideimage>
      <title><![CDATA[Slide 65]]></title>
      <notes><![CDATA[65]]></notes>
      <slidetext><![CDATA[Modelo de caso de uso no processo de desenvolvimentoCasos de uso formam uma base natural através da qual podem-se realizar as iterações do desenvolvimento.Um grupo de casos é alocado a cada iteração.Em cada iteração, o grupo de casos de uso é detalhado e desenvolvido.  65  MBA em Engenharia de Software a Distância  ]]></slidetext>
      <animations>
      </animations>
      <waitforuser>false</waitforuser>
      <totalframes>506</totalframes>
      <time>00:00:25</time>
      <transitionmediaurl />
    </slide>
    <slide id="66">
      <transition>
      </transition>
      <width>720</width>
      <height>540</height>
      <transitionurl>
      </transitionurl>
      <embeddedsound>
        <audio onclick="false" type="n" repeat="false" startframe="1" duration="1" />
      </embeddedsound>
      <slidenavigation onclick="true" slideadvmode="true" />
      <fileurl>Slides/slide66.swf</fileurl>
      <slideimage height="150" width="200">Images/slide66_200,150.jpg</slideimage>
      <title><![CDATA[Slide 66]]></title>
      <notes><![CDATA[66]]></notes>
      <slidetext><![CDATA[O processo continua até que todos os casos de uso tenham sido desenvolvidos e o sistema esteja completamente construído.A descrição expandida de um caso de uso pode ser deixada para a iteração na qual este deve ser implementado.evita perda de tempo inicial no detalhamento.estratégia mais adaptável aos requisitos voláteis.  66  MBA em Engenharia de Software a Distância  ]]></slidetext>
      <animations>
      </animations>
      <waitforuser>false</waitforuser>
      <totalframes>590</totalframes>
      <time>00:00:29</time>
      <transitionmediaurl />
    </slide>
    <slide id="67">
      <transition>
      </transition>
      <width>720</width>
      <height>540</height>
      <transitionurl>
      </transitionurl>
      <embeddedsound>
        <audio onclick="false" type="n" repeat="false" startframe="1" duration="1" />
      </embeddedsound>
      <slidenavigation onclick="true" slideadvmode="true" />
      <fileurl>Slides/slide67.swf</fileurl>
      <slideimage height="150" width="200">Images/slide67_200,150.jpg</slideimage>
      <title><![CDATA[Slide 67]]></title>
      <notes><![CDATA[67]]></notes>
      <slidetext><![CDATA[Foi proposta uma classificação em função do risco de desenvolvimento e das prioridades estabelecidas pelo usuário.1) Risco alto e prioridade alta2) Risco alto e prioridade baixa3) Risco baixo e prioridade alta4) Risco baixo e prioridade baixa  67  MBA em Engenharia de Software a Distância  ]]></slidetext>
      <animations>
      </animations>
      <waitforuser>false</waitforuser>
      <totalframes>537</totalframes>
      <time>00:00:26</time>
      <transitionmediaurl />
    </slide>
    <slide id="68">
      <transition>
      </transition>
      <width>720</width>
      <height>540</height>
      <transitionurl>
      </transitionurl>
      <embeddedsound>
        <audio onclick="false" type="n" repeat="false" startframe="1" duration="1" />
      </embeddedsound>
      <slidenavigation onclick="true" slideadvmode="true" />
      <fileurl>Slides/slide68.swf</fileurl>
      <slideimage height="150" width="200">Images/slide68_200,150.jpg</slideimage>
      <title><![CDATA[Slide 68]]></title>
      <notes><![CDATA[68]]></notes>
      <slidetext><![CDATA[Considerando-se essa categorização, devemos considerar os casos de uso mais importantes e mais arriscados primeiramente.Atacar o risco maior mais cedo...  68  MBA em Engenharia de Software a Distância  ]]></slidetext>
      <animations>
      </animations>
      <waitforuser>false</waitforuser>
      <totalframes>367</totalframes>
      <time>00:00:18</time>
      <transitionmediaurl />
    </slide>
  </slides>
</presentation>