﻿<?xml version="1.0" encoding="UTF-8"?>
<root>
  <slide transition="" id="1" frame="0" swidth="720" sheight="540" title="Slide 1" totalframes="488" path="slide1.swf" name="slide1.swf" />
  <slide transition="" id="2" frame="0" swidth="720" sheight="540" title="Slide 2" totalframes="503" path="slide2.swf" name="slide2.swf" />
  <slide transition="" id="3" frame="0" swidth="720" sheight="540" title="Slide 3" totalframes="491" path="slide3.swf" name="slide3.swf" />
  <slide transition="" id="4" frame="0" swidth="720" sheight="540" title="Slide 4" totalframes="507" path="slide4.swf" name="slide4.swf" />
  <slide transition="" id="5" frame="0" swidth="720" sheight="540" title="Slide 5" totalframes="469" path="slide5.swf" name="slide5.swf" />
  <slide transition="" id="6" frame="0" swidth="720" sheight="540" title="Slide 6" totalframes="685" path="slide6.swf" name="slide6.swf" />
  <slide transition="" id="7" frame="0" swidth="720" sheight="540" title="Slide 7" totalframes="582" path="slide7.swf" name="slide7.swf" />
  <slide transition="" id="8" frame="0" swidth="720" sheight="540" title="Slide 8" totalframes="498" path="slide8.swf" name="slide8.swf" />
  <slide transition="" id="9" frame="0" swidth="720" sheight="540" title="Slide 9" totalframes="950" path="slide9.swf" name="slide9.swf" />
  <slide transition="" id="10" frame="0" swidth="720" sheight="540" title="Slide 10" totalframes="952" path="slide10.swf" name="slide10.swf" />
  <slide transition="" id="11" frame="0" swidth="720" sheight="540" title="Slide 11" totalframes="421" path="slide11.swf" name="slide11.swf" />
  <slide transition="" id="12" frame="0" swidth="720" sheight="540" title="Slide 12" totalframes="720" path="slide12.swf" name="slide12.swf" />
  <slide transition="" id="13" frame="0" swidth="720" sheight="540" title="Slide 13" totalframes="371" path="slide13.swf" name="slide13.swf" />
  <slide transition="" id="14" frame="0" swidth="720" sheight="540" title="Slide 14" totalframes="662" path="slide14.swf" name="slide14.swf" />
  <slide transition="" id="15" frame="0" swidth="720" sheight="540" title="Slide 15" totalframes="713" path="slide15.swf" name="slide15.swf" />
  <slide transition="" id="16" frame="0" swidth="720" sheight="540" title="Slide 16" totalframes="773" path="slide16.swf" name="slide16.swf" />
  <slide transition="" id="17" frame="0" swidth="720" sheight="540" title="Slide 17" totalframes="1828" path="slide17.swf" name="slide17.swf" />
  <slide transition="" id="18" frame="0" swidth="720" sheight="540" title="Slide 18" totalframes="1632" path="slide18.swf" name="slide18.swf" />
  <slide transition="" id="19" frame="0" swidth="720" sheight="540" title="Slide 19" totalframes="482" path="slide19.swf" name="slide19.swf" />
  <slide transition="" id="20" frame="0" swidth="720" sheight="540" title="Slide 20" totalframes="837" path="slide20.swf" name="slide20.swf" />
  <slide transition="" id="21" frame="0" swidth="720" sheight="540" title="Slide 21" totalframes="651" path="slide21.swf" name="slide21.swf" />
  <slide transition="" id="22" frame="0" swidth="720" sheight="540" title="Slide 22" totalframes="672" path="slide22.swf" name="slide22.swf" />
  <slide transition="" id="23" frame="0" swidth="720" sheight="540" title="Slide 23" totalframes="648" path="slide23.swf" name="slide23.swf" />
  <slide transition="" id="24" frame="0" swidth="720" sheight="540" title="Slide 24" totalframes="539" path="slide24.swf" name="slide24.swf" />
  <slide transition="" id="25" frame="0" swidth="720" sheight="540" title="Slide 25" totalframes="304" path="slide25.swf" name="slide25.swf" />
  <slide transition="" id="26" frame="0" swidth="720" sheight="540" title="Slide 26" totalframes="506" path="slide26.swf" name="slide26.swf" />
  <slide transition="" id="27" frame="0" swidth="720" sheight="540" title="Slide 27" totalframes="513" path="slide27.swf" name="slide27.swf" />
  <slide transition="" id="28" frame="0" swidth="720" sheight="540" title="Slide 28" totalframes="508" path="slide28.swf" name="slide28.swf" />
  <slide transition="" id="29" frame="0" swidth="720" sheight="540" title="Slide 29" totalframes="513" path="slide29.swf" name="slide29.swf" />
  <slide transition="" id="30" frame="0" swidth="720" sheight="540" title="Slide 30" totalframes="366" path="slide30.swf" name="slide30.swf" />
  <slide transition="" id="31" frame="0" swidth="720" sheight="540" title="Slide 31" totalframes="773" path="slide31.swf" name="slide31.swf" />
  <slide transition="" id="32" frame="0" swidth="720" sheight="540" title="Slide 32" totalframes="480" path="slide32.swf" name="slide32.swf" />
  <slide transition="" id="33" frame="0" swidth="720" sheight="540" title="Slide 33" totalframes="1806" path="slide33.swf" name="slide33.swf" />
  <slide transition="" id="34" frame="0" swidth="720" sheight="540" title="Slide 34" totalframes="702" path="slide34.swf" name="slide34.swf" />
  <slide transition="" id="35" frame="0" swidth="720" sheight="540" title="Slide 35" totalframes="925" path="slide35.swf" name="slide35.swf" />
  <slide transition="" id="36" frame="0" swidth="720" sheight="540" title="Slide 36" totalframes="931" path="slide36.swf" name="slide36.swf" />
  <slide transition="" id="37" frame="0" swidth="720" sheight="540" title="Slide 37" totalframes="622" path="slide37.swf" name="slide37.swf" />
  <slide transition="" id="38" frame="0" swidth="720" sheight="540" title="Slide 38" totalframes="650" path="slide38.swf" name="slide38.swf" />
  <slide transition="" id="39" frame="0" swidth="720" sheight="540" title="Slide 39" totalframes="608" path="slide39.swf" name="slide39.swf" />
  <slide transition="" id="40" frame="0" swidth="720" sheight="540" title="Slide 40" totalframes="598" path="slide40.swf" name="slide40.swf" />
  <slide transition="" id="41" frame="0" swidth="720" sheight="540" title="Slide 41" totalframes="730" path="slide41.swf" name="slide41.swf" />
</root>