﻿<?xml version="1.0" encoding="UTF-8"?>
<presentation>
  <properties>
    <title><![CDATA[Aula_02]]></title>
    <creationdate>26/07/2012 19:31:02</creationdate>
    <audio>on</audio>
    <navigationonclick>false</navigationonclick>
    <animations>true</animations>
    <transitions>false</transitions>
    <sdkversion>07</sdkversion>
    <release>1.1</release>
    <soundacrossslides>false</soundacrossslides>
    <defaulturl>Slides/default_0.swf</defaulturl>
    <video>
    </video>
    <templatecolor>Silver</templatecolor>
    <layout>E-Learning Standard</layout>
    <presentertitle><![CDATA[]]></presentertitle>
    <presentername><![CDATA[]]></presentername>
    <presentercompany><![CDATA[]]></presentercompany>
    <presenteremail><![CDATA[]]></presenteremail>
    <presentationtitle>Aula_02</presentationtitle>
    <powerpointfile>Aula_02.ppt</powerpointfile>
    <presentationdescription><![CDATA[]]></presentationdescription>
    <presentationkeywords>O Componente Humano (Participantes do Processo)</presentationkeywords>
    <audioquality>Medium</audioquality>
    <imagequality>9</imagequality>
    <showslidenotesinoutput>True</showslidenotesinoutput>
    <usenarrations>True</usenarrations>
  </properties>
  <slides>
    <slide id="1">
      <transition>
      </transition>
      <width>720</width>
      <height>540</height>
      <transitionurl>
      </transitionurl>
      <embeddedsound>
        <audio onclick="false" type="n" repeat="false" startframe="1" duration="1" />
      </embeddedsound>
      <slidenavigation onclick="true" slideadvmode="true" />
      <fileurl>Slides/slide1.swf</fileurl>
      <slideimage height="150" width="200">Images/slide1_200,150.jpg</slideimage>
      <title><![CDATA[Slide 1]]></title>
      <notes><![CDATA[]]></notes>
      <slidetext><![CDATA[MBA em Engenharia de Software a Distância  Disciplina:Análise e Gerência de Requisitos  ]]></slidetext>
      <animations>
      </animations>
      <waitforuser>false</waitforuser>
      <totalframes>196</totalframes>
      <time>00:00:09</time>
      <transitionmediaurl />
    </slide>
    <slide id="2">
      <transition>
      </transition>
      <width>720</width>
      <height>540</height>
      <transitionurl>
      </transitionurl>
      <embeddedsound>
        <audio onclick="false" type="n" repeat="false" startframe="1" duration="1" />
      </embeddedsound>
      <slidenavigation onclick="true" slideadvmode="true" />
      <fileurl>Slides/slide2.swf</fileurl>
      <slideimage height="150" width="200">Images/slide2_200,150.jpg</slideimage>
      <title><![CDATA[O Componente Humano (Participantes do Processo)]]></title>
      <notes><![CDATA[]]></notes>
      <slidetext><![CDATA[O Componente Humano (Participantes do Processo)  O desenvolvimento de software é uma tarefa altamente cooperativa. Tecnologias complexas demandam especialistas em áreas específicas.Uma equipe de desenvolvimento de sistemas de software pode envolver vários especialistas: Profissionais de informática para fornecer o conhecimento técnico necessário ao desenvolvimento do sistema de software e,Especialistas do domínio para o qual o sistema de software deve ser desenvolvido.  ]]></slidetext>
      <animations>
      </animations>
      <waitforuser>false</waitforuser>
      <totalframes>685</totalframes>
      <time>00:00:34</time>
      <transitionmediaurl />
    </slide>
    <slide id="3">
      <transition>
      </transition>
      <width>720</width>
      <height>540</height>
      <transitionurl>
      </transitionurl>
      <embeddedsound>
        <audio onclick="false" type="n" repeat="false" startframe="1" duration="1" />
      </embeddedsound>
      <slidenavigation onclick="true" slideadvmode="true" />
      <fileurl>Slides/slide3.swf</fileurl>
      <slideimage height="150" width="200">Images/slide3_200,150.jpg</slideimage>
      <title><![CDATA[O Componente Humano (Participantes do Processo)]]></title>
      <notes><![CDATA[]]></notes>
      <slidetext><![CDATA[O Componente Humano (Participantes do Processo)  Uma equipe de desenvolvimento de software consiste de um: Gerente;Analistas;Arquiteto de SoftwareProjetistas;Programadores;clientes e;grupos de avaliação de qualidade.  ]]></slidetext>
      <animations>
      </animations>
      <waitforuser>false</waitforuser>
      <totalframes>323</totalframes>
      <time>00:00:16</time>
      <transitionmediaurl />
    </slide>
    <slide id="4">
      <transition>
      </transition>
      <width>720</width>
      <height>540</height>
      <transitionurl>
      </transitionurl>
      <embeddedsound>
        <audio onclick="false" type="n" repeat="false" startframe="1" duration="1" />
      </embeddedsound>
      <slidenavigation onclick="true" slideadvmode="true" />
      <fileurl>Slides/slide4.swf</fileurl>
      <slideimage height="150" width="200">Images/slide4_200,150.jpg</slideimage>
      <title><![CDATA[O Componente Humano (Participantes do Processo)]]></title>
      <notes><![CDATA[]]></notes>
      <slidetext><![CDATA[O Componente Humano (Participantes do Processo)  A descrição dos participantes do processo tem um fim didático. Na prática, a mesma pessoa desempenha diferentes funções e, por outro lado, uma mesma função é normalmente desempenhada por várias pessoas.  ]]></slidetext>
      <animations>
      </animations>
      <waitforuser>false</waitforuser>
      <totalframes>1051</totalframes>
      <time>00:00:52</time>
      <transitionmediaurl />
    </slide>
    <slide id="5">
      <transition>
      </transition>
      <width>720</width>
      <height>540</height>
      <transitionurl>
      </transitionurl>
      <embeddedsound>
        <audio onclick="false" type="n" repeat="false" startframe="1" duration="1" />
      </embeddedsound>
      <slidenavigation onclick="true" slideadvmode="true" />
      <fileurl>Slides/slide5.swf</fileurl>
      <slideimage height="150" width="200">Images/slide5_200,150.jpg</slideimage>
      <title><![CDATA[O Componente Humano (Participantes do Processo)]]></title>
      <notes><![CDATA[]]></notes>
      <slidetext><![CDATA[O Componente Humano (Participantes do Processo)  Em virtude de seu tamanho e complexidade, o desenvolvimento de sistemas de software é um empreendimento realizado em equipe.Gerentes de projeto: Como o próprio nome diz, o gerente de projetos é o profissional responsável pela gerência ou coordenação das atividades necessárias à construção do sistema.  ]]></slidetext>
      <animations>
      </animations>
      <waitforuser>false</waitforuser>
      <totalframes>1020</totalframes>
      <time>00:00:51</time>
      <transitionmediaurl />
    </slide>
    <slide id="6">
      <transition>
      </transition>
      <width>720</width>
      <height>540</height>
      <transitionurl>
      </transitionurl>
      <embeddedsound>
        <audio onclick="false" type="n" repeat="false" startframe="1" duration="1" />
      </embeddedsound>
      <slidenavigation onclick="true" slideadvmode="true" />
      <fileurl>Slides/slide6.swf</fileurl>
      <slideimage height="150" width="200">Images/slide6_200,150.jpg</slideimage>
      <title><![CDATA[O Componente Humano (Participantes do Processo)]]></title>
      <notes><![CDATA[]]></notes>
      <slidetext><![CDATA[O Componente Humano (Participantes do Processo)  Esse profissional também é responsável por fazer:O orçamento do projeto, estimar o tempo necessário para o desenvolvimento do sistema, definir qual o processo de desenvolvimento, o cronograma de execução das atividades, a mão-de-obra especializada, os recursos de hardware e software.O acompanhamento das atividades realizadas durante o desenvolvimento do sistema também é tarefa do gerente do projeto  ]]></slidetext>
      <animations>
      </animations>
      <waitforuser>false</waitforuser>
      <totalframes>1534</totalframes>
      <time>00:01:16</time>
      <transitionmediaurl />
    </slide>
    <slide id="7">
      <transition>
      </transition>
      <width>720</width>
      <height>540</height>
      <transitionurl>
      </transitionurl>
      <embeddedsound>
        <audio onclick="false" type="n" repeat="false" startframe="1" duration="1" />
      </embeddedsound>
      <slidenavigation onclick="true" slideadvmode="true" />
      <fileurl>Slides/slide7.swf</fileurl>
      <slideimage height="150" width="200">Images/slide7_200,150.jpg</slideimage>
      <title><![CDATA[O Componente Humano (Participantes do Processo)]]></title>
      <notes><![CDATA[]]></notes>
      <slidetext><![CDATA[O Componente Humano (Participantes do Processo)  Analistas: O analista de sistemas é o profissional que deve ter conhecimento do domínio do negócio. Deve entender os problemas do domínio do negócio para que possa definir os requisitos do sistema a ser desenvolvido. Devem estar aptos a se comunicar com especialistas do domínio para obter conhecimento acerca dos problemas e das necessidades envolvidas da organização.  ]]></slidetext>
      <animations>
      </animations>
      <waitforuser>false</waitforuser>
      <totalframes>592</totalframes>
      <time>00:00:29</time>
      <transitionmediaurl />
    </slide>
    <slide id="8">
      <transition>
      </transition>
      <width>720</width>
      <height>540</height>
      <transitionurl>
      </transitionurl>
      <embeddedsound>
        <audio onclick="false" type="n" repeat="false" startframe="1" duration="1" />
      </embeddedsound>
      <slidenavigation onclick="true" slideadvmode="true" />
      <fileurl>Slides/slide8.swf</fileurl>
      <slideimage height="150" width="200">Images/slide8_200,150.jpg</slideimage>
      <title><![CDATA[O Componente Humano (Participantes do Processo)]]></title>
      <notes><![CDATA[]]></notes>
      <slidetext><![CDATA[O Componente Humano (Participantes do Processo)  Deve ter domínio do vocabulário da área de conhecimento na qual o sistema será implantado para que, ao se comunicar com o especialista de domínio, este não precise ser interrompido a todo o momento para explicar conceitos básicos da área.  ]]></slidetext>
      <animations>
      </animations>
      <waitforuser>false</waitforuser>
      <totalframes>387</totalframes>
      <time>00:00:19</time>
      <transitionmediaurl />
    </slide>
    <slide id="9">
      <transition>
      </transition>
      <width>720</width>
      <height>540</height>
      <transitionurl>
      </transitionurl>
      <embeddedsound>
        <audio onclick="false" type="n" repeat="false" startframe="1" duration="1" />
      </embeddedsound>
      <slidenavigation onclick="true" slideadvmode="true" />
      <fileurl>Slides/slide9.swf</fileurl>
      <slideimage height="150" width="200">Images/slide9_200,150.jpg</slideimage>
      <title><![CDATA[O Componente Humano (Participantes do Processo)]]></title>
      <notes><![CDATA[]]></notes>
      <slidetext><![CDATA[O Componente Humano (Participantes do Processo)  O analista de sistemas é o profissional responsável por entender as necessidades dos clientes em relação ao sistema a ser desenvolvido e repassar esse entendimento aos demais desenvolvedores do sistema.O analista de sistemas representa uma ponte de comunicação entre duas "facções": a dos profissionais de computação e a dos profissionais do negócio.  ]]></slidetext>
      <animations>
      </animations>
      <waitforuser>false</waitforuser>
      <totalframes>1040</totalframes>
      <time>00:00:52</time>
      <transitionmediaurl />
    </slide>
    <slide id="10">
      <transition>
      </transition>
      <width>720</width>
      <height>540</height>
      <transitionurl>
      </transitionurl>
      <embeddedsound>
        <audio onclick="false" type="n" repeat="false" startframe="1" duration="1" />
      </embeddedsound>
      <slidenavigation onclick="true" slideadvmode="true" />
      <fileurl>Slides/slide10.swf</fileurl>
      <slideimage height="150" width="200">Images/slide10_200,150.jpg</slideimage>
      <title><![CDATA[O Componente Humano (Participantes do Processo)]]></title>
      <notes><![CDATA[]]></notes>
      <slidetext><![CDATA[O Componente Humano (Participantes do Processo)  Com a experiência adquirida através da participação no desenvolvimento de diversos projetos, alguns analistas se tornam gerentes de projetos. Outra característica necessária a um analista é a ética profissional. Muitas vezes, o analista de sistemas está em contato com informações sigilosas e estratégicas dentro da organização na qual está trabalhando.  ]]></slidetext>
      <animations>
      </animations>
      <waitforuser>false</waitforuser>
      <totalframes>809</totalframes>
      <time>00:00:40</time>
      <transitionmediaurl />
    </slide>
    <slide id="11">
      <transition>
      </transition>
      <width>720</width>
      <height>540</height>
      <transitionurl>
      </transitionurl>
      <embeddedsound>
        <audio onclick="false" type="n" repeat="false" startframe="1" duration="1" />
      </embeddedsound>
      <slidenavigation onclick="true" slideadvmode="true" />
      <fileurl>Slides/slide11.swf</fileurl>
      <slideimage height="150" width="200">Images/slide11_200,150.jpg</slideimage>
      <title><![CDATA[O Componente Humano (Participantes do Processo)]]></title>
      <notes><![CDATA[]]></notes>
      <slidetext><![CDATA[O Componente Humano (Participantes do Processo)  Projetistas: O projetista de sistemas é o componente da equipe de desenvolvimento cujas funções são: (1) avaliar as alternativas de solução (da definição) do problema resultante da análise e;  (2) gerar a especificação de uma solução computacional detalhada. A tarefa do projetista de sistemas é muitas vezes chamada de projeto físico.  ]]></slidetext>
      <animations>
      </animations>
      <waitforuser>false</waitforuser>
      <totalframes>567</totalframes>
      <time>00:00:28</time>
      <transitionmediaurl />
    </slide>
    <slide id="12">
      <transition>
      </transition>
      <width>720</width>
      <height>540</height>
      <transitionurl>
      </transitionurl>
      <embeddedsound>
        <audio onclick="false" type="n" repeat="false" startframe="1" duration="1" />
      </embeddedsound>
      <slidenavigation onclick="true" slideadvmode="true" />
      <fileurl>Slides/slide12.swf</fileurl>
      <slideimage height="150" width="200">Images/slide12_200,150.jpg</slideimage>
      <title><![CDATA[O Componente Humano (Participantes do Processo)]]></title>
      <notes><![CDATA[]]></notes>
      <slidetext><![CDATA[O Componente Humano (Participantes do Processo)  Na prática, existem diversos tipos de projetistas: projetistas de interface (especializados nos padrões de uma interface gráfica);projetista de redes (especializados no projeto de redes de comunicação); projetista de bancos de dados (especializados no projeto de bancos de dados) e assim por diante.  ]]></slidetext>
      <animations>
      </animations>
      <waitforuser>false</waitforuser>
      <totalframes>464</totalframes>
      <time>00:00:23</time>
      <transitionmediaurl />
    </slide>
    <slide id="13">
      <transition>
      </transition>
      <width>720</width>
      <height>540</height>
      <transitionurl>
      </transitionurl>
      <embeddedsound>
        <audio onclick="false" type="n" repeat="false" startframe="1" duration="1" />
      </embeddedsound>
      <slidenavigation onclick="true" slideadvmode="true" />
      <fileurl>Slides/slide13.swf</fileurl>
      <slideimage height="150" width="200">Images/slide13_200,150.jpg</slideimage>
      <title><![CDATA[O Componente Humano (Participantes do Processo)]]></title>
      <notes><![CDATA[]]></notes>
      <slidetext><![CDATA[O Componente Humano (Participantes do Processo)  Arquitetos de software: Profissional encontrado principalmente em grandes equipes reunidas para desenvolver sistemas complexos. O objetivo desse profissional é elaborar a arquitetura do sistema como um todo. Além de tomar decisões globais, o arquiteto também deve ser capaz de tomar decisões técnicas(decisões que têm influência sobre o desempenho do sistema).  ]]></slidetext>
      <animations>
      </animations>
      <waitforuser>false</waitforuser>
      <totalframes>613</totalframes>
      <time>00:00:30</time>
      <transitionmediaurl />
    </slide>
    <slide id="14">
      <transition>
      </transition>
      <width>720</width>
      <height>540</height>
      <transitionurl>
      </transitionurl>
      <embeddedsound>
        <audio onclick="false" type="n" repeat="false" startframe="1" duration="1" />
      </embeddedsound>
      <slidenavigation onclick="true" slideadvmode="true" />
      <fileurl>Slides/slide14.swf</fileurl>
      <slideimage height="150" width="200">Images/slide14_200,150.jpg</slideimage>
      <title><![CDATA[O Componente Humano (Participantes do Processo)]]></title>
      <notes><![CDATA[]]></notes>
      <slidetext><![CDATA[O Componente Humano (Participantes do Processo)  Também trabalha em conjunto com o gerente de projeto para priorizar e organizar o plano de projeto.  ]]></slidetext>
      <animations>
      </animations>
      <waitforuser>false</waitforuser>
      <totalframes>223</totalframes>
      <time>00:00:11</time>
      <transitionmediaurl />
    </slide>
    <slide id="15">
      <transition>
      </transition>
      <width>720</width>
      <height>540</height>
      <transitionurl>
      </transitionurl>
      <embeddedsound>
        <audio onclick="false" type="n" repeat="false" startframe="1" duration="1" />
      </embeddedsound>
      <slidenavigation onclick="true" slideadvmode="true" />
      <fileurl>Slides/slide15.swf</fileurl>
      <slideimage height="150" width="200">Images/slide15_200,150.jpg</slideimage>
      <title><![CDATA[O Componente Humano (Participantes do Processo)]]></title>
      <notes><![CDATA[]]></notes>
      <slidetext><![CDATA[O Componente Humano (Participantes do Processo)  Programadores:  Profissional responsável pela implementação do sistema. Normalmente há vários programadores em uma equipe de desenvolvimento.Um programador pode ser proficiente em uma ou mais linguagens de programação, além de ter conhecimento sobre bancos de dados.  ]]></slidetext>
      <animations>
      </animations>
      <waitforuser>false</waitforuser>
      <totalframes>434</totalframes>
      <time>00:00:21</time>
      <transitionmediaurl />
    </slide>
    <slide id="16">
      <transition>
      </transition>
      <width>720</width>
      <height>540</height>
      <transitionurl>
      </transitionurl>
      <embeddedsound>
        <audio onclick="false" type="n" repeat="false" startframe="1" duration="1" />
      </embeddedsound>
      <slidenavigation onclick="true" slideadvmode="true" />
      <fileurl>Slides/slide16.swf</fileurl>
      <slideimage height="150" width="200">Images/slide16_200,150.jpg</slideimage>
      <title><![CDATA[O Componente Humano (Participantes do Processo)]]></title>
      <notes><![CDATA[]]></notes>
      <slidetext><![CDATA[O Componente Humano (Participantes do Processo)  A maioria das equipes de desenvolvimento possuem analistas que realizam alguma programação, e programadores que realizam alguma análise. O analista de sistemas está envolvido em todas as etapas do desenvolvimento, diferentemente do programador, que participa unicamente das fases finais (implementação e testes).  ]]></slidetext>
      <animations>
      </animations>
      <waitforuser>false</waitforuser>
      <totalframes>529</totalframes>
      <time>00:00:26</time>
      <transitionmediaurl />
    </slide>
    <slide id="17">
      <transition>
      </transition>
      <width>720</width>
      <height>540</height>
      <transitionurl>
      </transitionurl>
      <embeddedsound>
        <audio onclick="false" type="n" repeat="false" startframe="1" duration="1" />
      </embeddedsound>
      <slidenavigation onclick="true" slideadvmode="true" />
      <fileurl>Slides/slide17.swf</fileurl>
      <slideimage height="150" width="200">Images/slide17_200,150.jpg</slideimage>
      <title><![CDATA[O Componente Humano (Participantes do Processo)]]></title>
      <notes><![CDATA[]]></notes>
      <slidetext><![CDATA[O Componente Humano (Participantes do Processo)  Clientes: O cliente é o indivíduo, ou grupo de indivíduos, para o qual o sistema é construído. Podem-se distinguir dois tipos de clientes: o cliente usuário e o cliente contratante. O cliente usuário é o indivíduo que efetivamente utilizará o sistema. Normalmente é um especialista no domínio do negócio. É com esse tipo de cliente que o analista de sistemas interage para levantar os requisitos do sistema.  ]]></slidetext>
      <animations>
      </animations>
      <waitforuser>false</waitforuser>
      <totalframes>610</totalframes>
      <time>00:00:30</time>
      <transitionmediaurl />
    </slide>
    <slide id="18">
      <transition>
      </transition>
      <width>720</width>
      <height>540</height>
      <transitionurl>
      </transitionurl>
      <embeddedsound>
        <audio onclick="false" type="n" repeat="false" startframe="1" duration="1" />
      </embeddedsound>
      <slidenavigation onclick="true" slideadvmode="true" />
      <fileurl>Slides/slide18.swf</fileurl>
      <slideimage height="150" width="200">Images/slide18_200,150.jpg</slideimage>
      <title><![CDATA[O Componente Humano (Participantes do Processo)]]></title>
      <notes><![CDATA[]]></notes>
      <slidetext><![CDATA[O Componente Humano (Participantes do Processo)  O cliente contratante é quem solicita o desenvolvimento do sistema. Usuário que encomenda e patrocina os custos de desenvolvimento e manutenção.Em pequenas organizações, o cliente usuário e o cliente contratante são a mesma pessoa. Em grandes organizações, o cliente contratante faz parte da gerência e é responsável por tomadas de decisões estratégicas dentro da empresa, enquanto que o cliente usuário é o responsável pela realização de processos operacionais.  ]]></slidetext>
      <animations>
      </animations>
      <waitforuser>false</waitforuser>
      <totalframes>726</totalframes>
      <time>00:00:36</time>
      <transitionmediaurl />
    </slide>
    <slide id="19">
      <transition>
      </transition>
      <width>720</width>
      <height>540</height>
      <transitionurl>
      </transitionurl>
      <embeddedsound>
        <audio onclick="false" type="n" repeat="false" startframe="1" duration="1" />
      </embeddedsound>
      <slidenavigation onclick="true" slideadvmode="true" />
      <fileurl>Slides/slide19.swf</fileurl>
      <slideimage height="150" width="200">Images/slide19_200,150.jpg</slideimage>
      <title><![CDATA[O Componente Humano (Participantes do Processo)]]></title>
      <notes><![CDATA[]]></notes>
      <slidetext><![CDATA[O Componente Humano (Participantes do Processo)  A única maneira de se ter um usuário satisfeito é torná-lo um legítimo participante no desenvolvimento do sistema. Não importa qual seja o processo de desenvolvimento utilizado; o envolvimento do usuário no desenvolvimento de um sistema de software é de fundamental importância.  ]]></slidetext>
      <animations>
      </animations>
      <waitforuser>false</waitforuser>
      <totalframes>392</totalframes>
      <time>00:00:19</time>
      <transitionmediaurl />
    </slide>
    <slide id="20">
      <transition>
      </transition>
      <width>720</width>
      <height>540</height>
      <transitionurl>
      </transitionurl>
      <embeddedsound>
        <audio onclick="false" type="n" repeat="false" startframe="1" duration="1" />
      </embeddedsound>
      <slidenavigation onclick="true" slideadvmode="true" />
      <fileurl>Slides/slide20.swf</fileurl>
      <slideimage height="150" width="200">Images/slide20_200,150.jpg</slideimage>
      <title><![CDATA[O Componente Humano (Participantes do Processo)]]></title>
      <notes><![CDATA[]]></notes>
      <slidetext><![CDATA[O Componente Humano (Participantes do Processo)  Questão para reflexão:Você é que participante do Processo?  ]]></slidetext>
      <animations>
      </animations>
      <waitforuser>false</waitforuser>
      <totalframes>403</totalframes>
      <time>00:00:20</time>
      <transitionmediaurl />
    </slide>
  </slides>
</presentation>