﻿<?xml version="1.0" encoding="UTF-8"?>
<root>
  <slide transition="" id="1" frame="0" swidth="720" sheight="540" title="Slide 1" totalframes="196" path="slide1.swf" name="slide1.swf" />
  <slide transition="" id="2" frame="0" swidth="720" sheight="540" title="O Componente Humano (Participantes do Processo)  " totalframes="685" path="slide2.swf" name="slide2.swf" />
  <slide transition="" id="3" frame="0" swidth="720" sheight="540" title="O Componente Humano (Participantes do Processo)  " totalframes="323" path="slide3.swf" name="slide3.swf" />
  <slide transition="" id="4" frame="0" swidth="720" sheight="540" title="O Componente Humano (Participantes do Processo)  " totalframes="1051" path="slide4.swf" name="slide4.swf" />
  <slide transition="" id="5" frame="0" swidth="720" sheight="540" title="O Componente Humano (Participantes do Processo)  " totalframes="1020" path="slide5.swf" name="slide5.swf" />
  <slide transition="" id="6" frame="0" swidth="720" sheight="540" title="O Componente Humano (Participantes do Processo)  " totalframes="1534" path="slide6.swf" name="slide6.swf" />
  <slide transition="" id="7" frame="0" swidth="720" sheight="540" title="O Componente Humano (Participantes do Processo)  " totalframes="592" path="slide7.swf" name="slide7.swf" />
  <slide transition="" id="8" frame="0" swidth="720" sheight="540" title="O Componente Humano (Participantes do Processo)  " totalframes="387" path="slide8.swf" name="slide8.swf" />
  <slide transition="" id="9" frame="0" swidth="720" sheight="540" title="O Componente Humano (Participantes do Processo)  " totalframes="1040" path="slide9.swf" name="slide9.swf" />
  <slide transition="" id="10" frame="0" swidth="720" sheight="540" title="O Componente Humano (Participantes do Processo)  " totalframes="809" path="slide10.swf" name="slide10.swf" />
  <slide transition="" id="11" frame="0" swidth="720" sheight="540" title="O Componente Humano (Participantes do Processo)  " totalframes="567" path="slide11.swf" name="slide11.swf" />
  <slide transition="" id="12" frame="0" swidth="720" sheight="540" title="O Componente Humano (Participantes do Processo)  " totalframes="464" path="slide12.swf" name="slide12.swf" />
  <slide transition="" id="13" frame="0" swidth="720" sheight="540" title="O Componente Humano (Participantes do Processo)  " totalframes="613" path="slide13.swf" name="slide13.swf" />
  <slide transition="" id="14" frame="0" swidth="720" sheight="540" title="O Componente Humano (Participantes do Processo)  " totalframes="223" path="slide14.swf" name="slide14.swf" />
  <slide transition="" id="15" frame="0" swidth="720" sheight="540" title="O Componente Humano (Participantes do Processo)  " totalframes="434" path="slide15.swf" name="slide15.swf" />
  <slide transition="" id="16" frame="0" swidth="720" sheight="540" title="O Componente Humano (Participantes do Processo)  " totalframes="529" path="slide16.swf" name="slide16.swf" />
  <slide transition="" id="17" frame="0" swidth="720" sheight="540" title="O Componente Humano (Participantes do Processo)  " totalframes="610" path="slide17.swf" name="slide17.swf" />
  <slide transition="" id="18" frame="0" swidth="720" sheight="540" title="O Componente Humano (Participantes do Processo)  " totalframes="726" path="slide18.swf" name="slide18.swf" />
  <slide transition="" id="19" frame="0" swidth="720" sheight="540" title="O Componente Humano (Participantes do Processo)  " totalframes="392" path="slide19.swf" name="slide19.swf" />
  <slide transition="" id="20" frame="0" swidth="720" sheight="540" title="O Componente Humano (Participantes do Processo)  " totalframes="403" path="slide20.swf" name="slide20.swf" />
</root>